18940F54C429045A
FC2809EDE8C3092C
FF65ED21D1F40221
E5BEFBEF05C9F983
EAE112313441F400
17D204F34FBDF2F0
1F3315580264E9E6
20170485F6FDEFA8
032809C0D31BFB63
FFFFFF4100000192
FFFFFDE300000070
00000033000000B6
000000E0000000DC
82EF08F5FFD6EB25
160EFBF001E6CF60
EC1EF4F6F13D0F81
F2D305F6FBED0AF4
D81C24EEED23F83B
252705FAE7E7202F
72DA16F607CBF69E
182114FCEFDB3452
FD02E71A0D431992
000001EEFFFFFDA1
00000085FFFFFFF4
FFFFFFD6FFFFFF29
00000010FFFFFF87
46F3EE0CD2D60AFD
0304EA14DACE1AF2
2EECD6F53401EED9
1CFAF4FDFDE6ECCE
0CE0E92706F1F5DF
12F7DA10E9DF140F
ECFB010304F9FFD9
BFFDF7E912EA0DE5
10EADF14D2D32509
0802F50504F5120A
FF0D24FA0B0E1800
1B17E2EBF71D0FEA
CAFF1204FC071008
D4ED060EFC18F7F1
E9ED12162102F618
EEFB200BF51A1603
E9E902110C20FA00
C7FBDDF202F10A24
E6EDFFF309FA07DF
DC0CEFE9FE11F907
16EEEE062012FAFE
F22007F10801170C
FC0CF3E908F0F603
0FF10203F910F6EA
0D23120B14F0E3FF
27FD04F00101020B
F5040AE93D0A060A
CC05011F04E90FE5
FAFAE1E9F61CE3F4
FD0FF8EFE0180218
0AF221FCEAEA0DF2
120EE5180915DBE0
ECF2FC15E5F4F3F0
E904FB19FDF2F803
0818FB12FF151707
15F9DCEEF2091105
2DF2F8E904360CE9
41F60AE7BE07E11B
11F1F8E5C7FEF31A
F6F40AEBF61217E1
E600DBFAC8F20A19
0EECD40103E7E21F
E60AEB0920F41C19
E3EE0E11F401DC08
F501E50539D8FF1E
F9F011E2CF14E6F9
F7F9E3FA050C09FF
D60FF218D4F900EF
F517F0EAD706EA07
1AF9EBFA0DEAF00D
D503EBF503EDE4E3
ED24FD04D8E7F4E9
0F21DF0013F0F8E8
1101E3FA05E5FC09
29FEF111E3EA25DD
0AF3E61BE7EFFDFE
2FEE141641001605
08F70C030505F1C1
2210EB12D80C0EE3
44EC02E234EE06F1
1D1316F010E818E8
E608FD11EAFA08F7
1102DC131DF71A08
1F0F0B01C5FFFFE7
15FDE312C4E90503
0BF7FA19D8EA0205
0D18D7E1D304F9EF
ED0DE610EA01DF10
FA0E03131BE90B0D
181203EBECFCEE00
DF1BFE192E03F6FB
1B19E2FB1EFDE21D
01EC161BC70CF802
1816DF26C00E07DF
10E1E507F5E70E26
E8F0ED06E1EA20E5
2306E31DCAF3130F
00F9CA17EEEA04F8
09DFFC0508E3F6FB
0A02E6F5E7E4FF04
1FDFD60E16F11720
13FCFAF4EC080CFD
E302E8E8F7F1E906
E503E013140FEC0C
D81CEDFBD2F6FCE5
191A07013209E7E5
F10FE60719E5F0E2
F018290AF9EBF1FE
FF241E022111110E
1C20030500E80BF1
FA1200161B0F1DED
04260718DC0CF7DA
0D15E6FC20042007
00FC1BE810F107DB
CD0BF71202121CE6
EA0AF9F2F4FAF4EC
EF0E28EA130AFFFE
D3FD1E0CF81B13FF
F5EFE90AD9F21822
FFFA1523040708E7
1F05EA15241F12EA
0F03151D0B07F8EC
D7031DF81405F4FB
F7F80206141A1E09
DDF7110FFB0605EC
EE010019D308FBFD
F90014100519F30D
DAF8FB0C30F9F7F5
F90F1D15E913EFE1
F1070F080D11E9EC
ED0DDD11F103EFF7
0C120D190FF811DC
F105F314DCF8FFE9
E3F71B130501F505
F5F902FC20F8EDE2
00031905041915E0
DDF414081207FF0F
F813FAE0E2FF0FE5
F2FBF0FDF70FDF0F
000913EEED03031D
D81B0EFFEA0FF6F4
E418EC0510FB0811
EEFA0E022B0F0208
1E1FF9EDD6F8F8EF
1422140BEB1405E9
E2F810F119F9E407
FFFF1CFA06EB02E1
D1FD1516E0EB07E3
02FAEC0901E90D05
FB051E01000C07EF
CA12ED161CEEFEE6
0C03E51704FE0EF1
2AFDEFE02CFDD005
0416E800230CD903
18F107FF11040413
CFF8E40CF0FAFFE2
CBF7090FFE09E014
E0F7070A09EA1B0C
FF12F9EFD3FE15F4
EE200BF6F30700E6
FD10FAF52411F506
0F1E27EBFF1916EE
DF0D19181DFCE70B
07FA1E0D18F30206
FFFFFDC7000010A9
000006CA000004E8
00000CB0FFFFF43C
000006C6FFFFF82F
0D1C1609F64AF9DD
F0FB1A0BEEEF1102
140B1003020BF4EA
1448010E191BEFFC
F7FC2106FC16F0E2
EC030D06F22EDFE2
E624E9FD18120FF7
E5281810133CDFFD
F8EF22020B3CEF03
111AF8EBF600FB01
10CD0DECEAD1F123
17FBD8F207160900
0D1026EC12D0E310
E00704F813C8F10A
0BD1ECEE191BE804
F4131FF9FED31CF4
FA34FAEDF7050C05
E91215F51EDFF829
EDEDF90AF4BCE9F9
F2E8FE020A0A0017
FCD7FB0EDEED19EA
E7DDE3FC21E4F426
191BF50EFA1F04EB
1CF927F3F92A0AFD
F2D9ECFA0AF1E929
18EA01061AED0020
1409EBFA08D61504
03ECFC0903F008E4
1402DD0AEE17FDFD
1BBEE2020ED51205
0C01EE070D18060C
DEF6F0F417EBF816
D425FB010711FDF5
F4FC12F615DE14EE
17E0F0E509281AEA
EC14F5EC070E0C0B
E80EC1EA1AFDF01B
F012F7F308FAF415
E712FB06E4DD04E9
E71ECCE425DEE503
0205D30619D5E41A
D8D8F907D7E42205
E90DC40530E60118
D5D1E901F9D9F7F5
0002EF03140713EE
03EBFF0017000417
F7EF0A0218CCEB20
FB27F50AE6210F23
FADCFE00150B0326
FFE9E8FA0EDFED0C
ECD904F70DF7E906
010902F6FF0610FF
EBF214FBF51B0321
EF1605FC0EFE0915
F5FA1D0F11DC08E3
F0C4F2FC1401E7EE
16E200F7E808F9EC
F51118091E05EBE6
E6F80DFEF51ADA0E
12D2FDFFFCDCF3DE
F417F515050DF3E3
FA201FF404EDE00E
020401F7FFF2C812
0011F50A25C1F32D
E4FAEB0210F0F70F
F0EC0A0FDED4032A
0707F50910F50E1B
E1FE0909E3D9FD0B
ECF105F9F5EE1508
D2D00EF213EE13FB
DCD1E60206F1FD19
ED150A0CE0F0F503
04EEF0FD1D5AE731
0BD3F8E02629FEF8
DBE1F2E8280F1C1B
E307E6EF2C14E011
1AFFE3E90DFD11F9
E8FCF6EEF517FAF7
DAEED5EE004D0009
FB2AFBE422F90701
E800F7FA0C1219F7
DCFAF7F00C06120D
E4031612FFC6ED0D
F5000414FA1CEB01
F4D8F7FFF11DF116
F3E3EE0CEA0DFB05
0506030CE6E0FF00
FCF401010BF20C0B
E6D604F3F1E9F3EA
FB1C11F3F7FFEA2D
F0D71B0111250AE8
F7AE12F8F91FE518
F8D50AFA2B22FA1D
E30E16FF16D7EF12
09FC160BEF12E6F6
E1D6F0F72AF1DD23
06FF0412E11AF9F5
0C0D08F404D0090B
EBEE25EE0A32D90F
04BA11F8FA08F0FB
02D3F1030102111F
FCE7D6FA2303E30B
17030CFFE215F81C
06E2F3E3FDD9E6F8
0910DCE21EDD0628
EB041AF5F9E6050C
F7F4F8F11C18E7F4
0FDF04EF19ED171C
1DF7190405F5EA0B
EDC4F40104CEF30D
F3D5F8EF230E02FB
FF1807F606E1EFFB
F320E9FE08D7F814
E1D3F5F308FBDE30
1AFFFDF90C02E4F1
0401F3E409E5FE11
12FDDFE20EFFDF28
F2E804F227CFF136
092A160410ED0617
ED2301F3E5071129
D506E7FEF5FDEF17
08FA1205F4F215FC
08181203F1E71806
ECDADBF11DD7FF10
0005F7F900E00711
EFFE030B0D20F713
EC00190F05180BF8
D7E51F0807D30D1E
280B1D04D9DBEA03
0BF8F0FB0F050D12
F4053308F2EFF817
130A06FD0E11DE0D
11E7F6110ECCF1E8
18F91106121AED17
F3DB11FF041EDC22
0AEDEAFD13D3F0F5
E610F9F31502EEEF
1F0610F700D10D14
F41CFCF61A1C0A0A
1200F61504FC05EA
110FFEF6DE07FD0B
FFDDEF02FC02F50E
11C91C0A022016F2
01ECF1FFE4001103
00000D5EFFFFEA49
FFFFEE35000009D4
0000023F0000084C
00000F1500001187
F2EEE5F4001A07EF
ECF7FFE6EB0D13FC
09F5F3EC04160B1B
0A021FEDE121D31E
EDF306FC01F3F714
EB0212E51B0EE8E9
0DF012F81A0407FE
00FA0CF1FB092DEE
01F0F4E51EF201EA
F2E6E514F01BDD0A
FEEFE900F3110DFC
ECEC02120606DC16
F0EAF40DE3FE0103
F4FEFC0B2AFFCA03
ECFAF801261DD8FA
E5F1FC0DF718F0F6
EDFEE400F010CB17
E4FDFFF60F02FD29
EDF30EF2F8F7BFFB
F306DD012AEDED0B
E4EDF4F4E8FBD7EF
F30013110E01D2F1
ECE1E20AFB06FFFC
0B08DCFCE2121100
1808FCFBDD05F403
F0EFF8050904C6DC
03FAF5FBF404E3EA
1BFAE40B2EF8E4FB
F3EBFE032708270A
0CF802FF0C0EDDFC
0C1313F30EF6E2D8
F70B19F029120510
0BEA0DF6EA14D6F0
EA080C04030D4CDD
F6EAF0F3030A1412
EF0108FDD40A36F0
09E503EFF12000F0
0B00F6EB1C11D316
04FCFC0604ED3E1F
F60202F329FE092A
FAEBFAFA4EFFD616
F607FAEF000201F9
E3EC00F02AFADB04
F8F2F0FBFEFF26F8
DF13F4DC02FB2809
0801F7F901F3EC1B
FDFEE3F327F21DEE
06F6ECF7F9F0D4F1
0202070122EFF1F0
0405E7EF241306EA
05FDFEF5FA00EADC
06FA020500E5D907
E9E9F2F60CFEFAF5
0404F3FCEEFC23EE
F4F50EFC27FCE3FB
02E813F3F5EFFF05
00F0FFF5CE1F1E1E
EAEDEE0721FA17F8
F4FC0504120116E0
040B0EF5E6FBE106
FD001208FCF5F70A
EAEB0FF41A05F20D
EF0601EDCE15C8EA
F70CFDE91801ED13
F4EEDA03E20922E2
F6FBF2FD131011DB
FD0208F82603FFED
0EF101EE1DFF2404
0B06E2F2D9F224E5
EEF8E6F5E6F224E3
F0EDDDFAFE0830E1
00F802EBD8FAE5E9
E4D70104E2327FFC
D8E903020B1C46EA
F0DC10FDDAFD4213
FDEE17F9100D2CF9
E701FEEE44FBD015
03F618F5F115E6FA
D8E51200F20A70F3
D5F4F7E529143FE9
E1FC1EF5F9F4151A
040408F8F0F8DF0A
08F101EC0E18FEDC
FC0EF705D2FDF2F5
07FB05ECF8F1CEE6
E6F1F9F81B06FEE7
0AF5FCFBC317EC0A
00FCE502EC0FD9EC
F6F0E8FA0D04EED4
1115F3F2FAF100C8
07E8FB0A08F0ECF3
F0DDF40BEDF42D12
15D8F80BC1190B1E
DEE7FE02CCF1D2E9
FCEEEF0613FB0C0F
E0E50CFAE520D90C
DB07FC18D1FDE304
D1E90BFBEF191F08
DBE5F2F4060414ED
0EFCFA0FD507060B
F8FC0C0B09121807
14EA1EFF17070609
E6080910030500E0
F1F1F4082D07E208
E8E60BFF00F4DDFF
F2E4FD020C1AFBF1
04FB0AF9E61CC8F1
D9F20508CC151E1E
11E4F6FEFC0BCDE1
20FB040D0103C3FB
07FC0809E9020D13
F8FB1309040B03FB
E9F30FFF190CDE0F
09DEFAF7D122E903
E004170EC0FDCDF9
F3FBF6FD2E0DFBFB
F1EE20FBE40A020F
E7060806E9010E0E
FE07E5F5F5F4DB1B
EF0CE700D901EAE7
0AEF10012502E5F7
0307F0F6061AF8F5
EDF4ECE91E1B0F07
FCE6FC0024FB1A02
F30300FAECEFEB09
E50CFCED030100FE
F5E5FBF629EDD416
F4E7E5F004F0C70D
FCF0F0F0E8F219F8
E2ECE9FC3706D901
E4FDEBF3DC00D0F4
F012F0E9D4F82FFA
E7E8EB0A01F3C900
03EBF9FD05EEDFE5
F902F9ECC8FD04DA
00F4EFFA040DDC12
F60DEA0319E4DD0E
F7F402FBDEF7BFF7
0CFD100929FD1AF8
F607F1FCFB02030D
EAF5EC07F80017E2
F7F10A10EC01F6DE
01EDEBFDDB08BE0D
02F7F3F9E90BE9D8
00000DE300000981
0000008AFFFFF276
000007FD00000C00
0000192600001991
F3EC0905DDECE5E5
19F3F215CE241414
132E0D28F5132727
11120715FEFC27E4
F9080A1DDE21EA11
F415F40FE00F093A
040F0108E4E817E5
EA140720E9D1FFF5
F4170F17F842171B
10E2F6E60E1FEB0D
021DECF3041F000A
08E208F637E7E1CB
21F8DC05FE131F0E
09FE01F12FEFE112
18F80A16220A0EE9
0324F7EE0814F126
0F41DBE52E11150F
F2EC0C09260D1409
FA0FFEF519F1FC0E
F11D0D09EA0DDEF7
F6E5030FE611EE0D
0BD60BDEFC0BFB0A
F4E2F20F1BDD0CE9
F8F8F4071722E20D
FCEBF7E302100002
EFD91D1905D6F3EE
F612142B19FAF9FE
141F23E6D807FAD7
0FE2F8F9F90EFEFF
1A15251505DECDF6
1C0314E6F6E8E1E1
0ECF2504ECFDF0DB
F3E90C1107E1F905
0ADD0E0BEAE91E1B
2A130CFE020AFA0F
FFF211F405EC140F
0A05FCF62CF31006
013A0D0432BC00DF
F53ADF1710F3D9F8
141DE0EB19D92B19
FFF1FFFC1BEDEECF
12E30A0EF11503FB
FF1FF3F517D71A14
F41E1C0A18C514DE
F5E40CEC050C03D9
10E9F4EFFAFA0C07
ECE500F8F6E500D6
0EEEE81EEEF802EA
FC111504EDFEF5E3
04E71DF4E4F0DB0A
0D0EEC20E228EEFE
07ECF6E1FA00EA04
07EA2305F5DDFCD4
13250409F9EB0BFE
F2C90AFD0601F8FA
0E021B16011B0C05
F704120BE7E00407
0EFD120DEEF810DC
F7D5E816FFFEEA12
16FCFB00D10B2023
2920181AF1071AF3
10FE1F11F9EE07FB
01CD1A04E30D1031
0823E70605E6000B
EE09F40314EEEE00
1215F004FE22FB19
0616F1E20BF5E6F5
00EC020803E6DEE1
EED3F70EE6ED1814
0FC1FCE80611DC14
FCD02D10EAEFF409
FED6011AEBE3FEDE
0ACD380DD100FEF2
28E12EFF0CFF12E8
300D0B13130B0AD8
252001FBFC0C2AE7
00E1270CEDE727D5
0ADD2B1508FF1EEF
1400120905E5FAEE
FA3EFD0C0AE80DF8
1AF71C010C0BF411
EC1800F306E1F7F0
E0E909040D13FEDF
09EB031300F2EA14
15DF08E50CF1E501
1413F2EAE3D508EF
FE0D1A08E0260AF6
F6E52EEE0EE5DCE3
03F0FDF003D0E2D5
F5E80702F6DD1203
0713020DE2320621
13FEF603DF11F8EA
05CA15FDFAD40003
03190109F61EFAFE
16D0F5F40908F103
F8CC0CECEC02151C
091AF4F202080BEC
F002FDF514DCF7F5
1DE4E2EAF4F8FF03
19D41EEE13FE0D09
0F13FE0F19171A06
0DD726012DEFE4D9
23DC10E9F7FC020F
1E0600021A171DF8
00F7210E2D1400F3
0E2CE7F1E6F30CF6
09F6F1F4FFF823F0
F2111CF227F4E509
03E81DF2EE01EEF5
21160EF0EFE712FC
F5D10E0B12DBDA03
F0F304EFFAF6E4F7
1219FEF5FFFCEAEA
F6C920F318FFE9E1
010EFBF6E5FC061C
16100CED280EEBEC
0CCC14160127FFFC
EFE3FC052FE40408
0F17071F11F0D4DE
1412F31DE1231F04
E8E304000B0FE803
07E5F307FFFFD5DB
0EEAF6FE0A27090C
0ADE01D9EBFFD919
F6EEFE1AECE50705
0721040B07FFF80E
1522F22211F406CD
EADAF00E151AE905
F315F80CF805FC17
02080C07ECDBDDE8
05D6E22402FBFD15
11F7FE08E517230A
FDD7FD0D13E7D6E0
FBE1ED2EFFD3D5FF
FDFDF5F6F11B1724
F70CFD042311E70F
FB17111FEAE8D9E7
E7E1E60DEA2309EC
06D620E9FBF302F9
19000D0DF4F1EDFD
0BE2F509FC0FF90C
01DD1907FD0301E5
1CF82C1BEDE804E4
FADB10FD0AEE16F7
0000061700000AA4
0000003700000954
FFFFEFEEFFFFF6D6
FFFFEFA600001069
FCEB163AF30F2DF1
05F50927FCF33D0B
1B071FE3F6FB2006
1AED033BF31610FB
1EFB26EDF2F5F824
FDF94EDFFFFAEB2E
0EF9EDF4E5EF0022
14001CF0EDFC0329
07F90E07F901E6FF
18FB09F60BFA08FF
040604E11E0BF1F9
12260EE922EC1AF1
FAF30401F1F822F5
F4F1F0050FEC0F02
0EF7DC0FE9E6FCE9
F909FB242E000CF2
FDF8D82C09FEEF04
F017F01D140EF820
08E508DBE9F7162F
0BE9F030FEF6FC17
07EFE14800E216F4
EEC80108FCE3E6F1
FD04F0260BFCF311
EFEAED0BF609F5FD
11E90C2A02FA0002
F1EAEE0EF3F3E1FC
FA0CF1F2CFF9E61D
F3D6E1FADAE122F6
05E3F4E2E2F3FE23
F90722090EEE0713
0904E814ED07F90F
FD0EDF05F3EFFE3D
EC011CD0E6F1E82C
CCCDEDF0DAF0E7ED
F8EFE511D7F7EC2F
E2E303DCECF6C4DB
F50FD425E4F408F9
FA1F00CE15F8FB28
050FF2DA1EFDE31B
FC1FF51FE7EC02DF
D600DB1225FBF800
02F0FC002EFA021E
FE02EDE8280A0805
F101E6172715E00B
FC011139F6F20526
09F7E5DBCE03F82C
04D9FCFCFBFDE113
04D2F435F0DAEF17
EED6F5BDDF02FD15
DBE20F05CEE2E119
E4E82025BA0CD8ED
FAE4F6129DE1FB20
FEE1091BD9E4E706
00F5FD23C7E3EEEF
26FFFEF2D7FB1FF5
0EE307ECE4F4FEE4
1BFB2020EEF80E06
12110CBF0F0010DB
1CFE0BF3D0E424F2
011D170107FB0EEA
1D2C0B000FFB30D8
150505C6EAFB13D8
11190DC1F6DC26E4
FA1FDCD4F6F0EBCC
D1FAF60D24F8FAEC
F8091ACD06E700FA
CE27E2160504FFED
D81BEEFE02EB03E2
EBFFE4F137FD00F1
B817E3C90BFDEE0E
D4F0070106E4F5FF
E5050F320CF2FADA
1E1614140DF72BF0
1FEF180808E7112A
141406ED020727F6
1D05F21016E420DC
27F912E608DD1E15
25EE1FE1E4FC1E02
0B030FFBF1E913DF
29091EE7F0D715F9
221B2BD10CFD1E1F
0700110D110704EB
04F9050BDCF71FEF
F50E14E1DC04E116
FF04F2E5E61E0712
161516EBF41514F9
FB0F1614031CEC05
F3EA08A8F7E7F7F3
0CF201F0E508FCF4
08001CFBE304F4FA
0D18E8FC1BEFE9EC
EFFAFEC2F5FD0F05
00F807ED08F80DF7
0708FE121DF409FA
FD26E708ED0BFBFD
F70CEC1D1909F3E8
FD0FDECB2FDDEDEF
F5FAF3270006FEF0
FBE3FF5229F70201
EF28FAE1EAF70311
EC051026DBF7F6F0
FBE929EC0BEFFF2B
FD26030301090F13
FDECFC0B0006EE04
EF140CFF120BE504
F83AF0031CF3F607
F2F804A0FF01F5F8
02190107F7F8FC05
15F60448DEFFEFE7
F8FF2205D4F418EA
FEEBEDDBEEF815F3
E0FEED13CFED11FB
F8081209CB000802
0808E505F80916F8
F20DEFE7F6E70DF5
EF1C03EBDBE1FC04
E317F50CEFEE0901
09E1DC30E5DFE1DB
0E12FFCFF002FA01
F104EFEFACEFFCFD
E7D5FE21DDF7E4EC
05E2FB1FD0E4E912
FA10EBFDB4E4FE09
D60EE816ABE1F00B
EBDAE2FAD0FDEB17
EF01EB25BF07E9D4
E6E70B44F1F0F70B
F1EEF909F9FCEE28
FE061FB8E805F721
03DBFD11E8F3E829
0CFB0DDFF606F125
DEF918E9C72CEF01
DE09F8E3E4F1F126
010CE21CCCFCE523
FA11DA37D50ADFD7
FF1D0EF90CE40A06
01F3F5D0DDF9EA1E
F9161F1300060B16
D2DE13CC07CEF210
0AEE10D8D5D1E02B
FDF70DF6DA02E9E4
E1F3DDD7C9E5F218
0DE8D529FBE5F503
E3FE09EB0FF5D307
00FBF0DB0B0218E1
F308F2FDE6DD0AEB
0016F70824D90E06
F9DB15E9DAFC0BF6
EFF619F5C1E9E8FE
FC141418F2FAE8FF
EDEDE839E7DEF5E3
E617DEF30FFEF92B
E816DFCF12D5FD12
0947061835FC11F8
F30E0613070C18F5
F406F5E43FEEEB09
124506FD27FAF803
FA1401DCF7F415EE
F61428CC3F08F4F6
EC24F6EB67DEDAE7
E004F8E757E8FBF3
D0000DEB4AECE3EB
E823FFD40DF201DE
01150614EAE7F807
FC1202310801F40B
F70219F418FAEAE2
F31310E112030B1D
FA2201F515F1F209
090BEFF93DF908FD
0AF60F2EEEFBFE0B
170AE6FA2E0DFC16
0D14E9F9CCE8E2C4
0C12FA2B04F6FCE7
07D410E5D0EBFB0D
F323F6DBF80CEF0F
DFF306F1D507EAFD
E80824E0BB07DC1E
F920DB3FC80FEBF6
FDE613D4D008FCFF
FB241FDDB8ECEC00
ECFB13DCE300FF18
E10407FB00DDDF38
0610F65105F7FEFA
0D00F0EA11E8ED30
FAF6F71F0EFCCF08
D3E8F6191DF604ED
F7EEDF13F4E2EA21
DD0DE432C9DDFAFE
EE160D18F8F4F620
ED23109C1C0B0710
ED251213F0F90925
F426EF3606F210F5
142800C011F52118
FFECEC0B0105F21E
EF24EC04FF0D12F5
EF22E822F8EFED08
FDF3E80CF4DD11E6
02FDEBE807E7010D
181F2300DBF31F32
130102DEE405152E
19E214EBE2FE0C27
010431EABA0AF053
F60E08F6F9F50125
0108EEF2F4020A08
0A0C1AE3CE060B42
F103EAECCEF7F535
E6DFFD10EB21F7EC
FEF4031DE0140E41
FFF101FAEB111F35
21EB14FAECF90D17
F50A11EEC2FCE141
11F6FEFAE124E21F
F9D1171BB837F0E9
FC13F7C9E5160E1E
EEE30BC3E4EDEC0B
ECF4E6DCFB07FBEF
0905FB20EC12FBF1
06E6EED6E1F8FE07
0A05F8C5F2F9EDF0
03F20621E6E3FAE7
130811E902FCDB19
F1FCFED8E0F6D606
DA01F119EFF2FCFE
F9F7CB0BD9F9FA10
F3D6DC3BCD02CBF6
FF1DEFD215FEECC2
190A0A2A0AF302E9
F0040A01420E12DB
FFF2E3171B1A0DFA
FE15FE2502F71814
F6F5E7E808FCFF24
F215DE26010DFBEC
001EF81BEB00DEFF
FEDFDAF333ECFC05
F705030D10E60FF0
EA0400D0C8EAFFF6
EFF030EDD9E7FB03
FAE5DFEB1FF62503
F4E2FE2CD2FD0710
F9EC1910E4E0E612
E2F0E405D8FA0315
04E7DC16F1EE1025
01F80A35F0F3D7EE
FBDDF722C7F8F6EE
E6E20D54D900F4D8
02F1F228F4E5DC0C
FAE02605FF0209FC
DFEFE9FCC3EBFC04
E509F9EDF0EBD712
06FEF95BE902F4D4
0AEDEAFEDEF4D62B
FE0DEAFEFFE5E920
EB24DA1513EBFAC5
041BF5F7F2EDE202
0EFC15EDECFAF32C
F601F51F28E2E5F3
F6F90518F2E102FD
F8F026FAEA04032E
EB18E8C7DCE5E2F7
F6F100F2D8FEDCFE
FEFF2E0FE3F7FA1C
0038CBBFE7F9DBF2
E005D9F4CC02C60E
FBEAFDF9F7EDED00
EB15DDDEF7F6E50C
E20ED5F310E2ED04
DE09F7D0F516EA1C
0039E6C612FBE0F4
F70DDEB31602FFF3
091E01D8FEE9EEEE
FDF51B1AFD001607
ECF30615E9FE0314
00EA21C220E8F4F5
17E1F7EBE8020130
EA07F828F801E9FA
08E31523BA1C10F6
E0F5DC0E0500DD20
DA06D300F7F5F2F5
DBEAD32AC70CE7DF
DE3D04DA18F3EFF2
F211FB09E0E9F3FD
030110E2F109F031
0C380DE5F8F6E4E5
DE1806F7F70FEE04
E2F223E11BF8F518
F8180FDC1DFA0BED
F122F9D71CE107FE
111FFA1C0CFA070A
00001C02FFFFE509
000031BE000027EA
0000081E00000C14
00001E39FFFFF65D
34C7F2F80DFAFAEA
37B609FBF40004D9
2FEBE620DAFC1114
09FC08FED1F209EB
EFC1FEF707F1F203
1A200B08FC05FCEA
DB12E2E0D60FFEE7
FCF10118E501F603
0C34001ACFF7F4F4
07D8FA110EF31102
213108F304F50EFC
0E18F00F01EDFBEF
08D4ECF807DD03F5
0E35EC08EAF4FBF8
062EF3FAD2ED0AFC
2DE3EC06EBF60013
3A0F06FF1C120FF7
C9230CFD1D07FA0A
F9F3FAEC04F3FD0F
082E06052BFDED33
0B2811FC18F40334
CFD615F012FD0132
1A2C1E060B050017
0F1821E520FC0323
56E808D62F070922
153012D4F609EDFC
14FFFFBC1700E623
CA2202EE0AFA1A07
E5092D0343020010
0C0216F71606E93B
F1EA0EE61EFB1308
BA0207DE29040631
D7F20300C9030724
07DA15D110FE1D07
191CEDE4FA06FF12
F0FA2FECF9FCEAF7
51ED07FB06F90C07
F627F21DE6E32CDA
0FFA281FDADCFCE6
1CEAED15D6DDE2E2
F3ECFAF2EC053DDF
EBF61A0FE5F0E5D8
F4D2F71BE4E1F1FE
49E9F1F1EAF01E03
D9DEE412F1E81100
F0C520F94E041450
EF3722FE1AF50334
C72923FF170FE133
1BB428DBFF0D2423
F33827E3E9FEED02
FA4B05C50DFAE611
F8EC33EE03022014
191129DB0304010D
0A28F1DB4109F6F0
1A1C0DE50AF4FBE9
D909DBE3E6F4FAF4
D1EE031507FE0505
1C260D1A1CEA0306
F3F5F2F609FB13FD
23ECFEF4ECFA0CE0
CFF7E41118FDF1FB
F1C0F304E412EFFD
F7C81416E8F511FD
29DBEC0A1EEDEBFD
C0F9EE0F2AEE1AE6
F3D2F7F518FE0610
07E0F6162603F0E2
F7FCDD0423F01A20
21C1000C0100F1F4
B42B06F9250607F8
FA0EE932DB090FE1
09EBF50EE62F1111
EDF60213F1EBF0E5
391DFAF1F6F907E7
09D7E82205ED0BE6
F5F30107DBFBE3F3
D4F706FCE9E318D6
221AD912F30627FF
F322F1F51AE8F2F3
D920EE19F0F1F8F0
F6F3EC1506F01D05
19DDDEF2E8F3E918
15F3E91408F90DE5
01E8051407FE15E6
F204FFEE11EEE6FE
0F06E6F0F0EAFF0B
37FE0B04E6F026EA
1F0DDFE40704F3DF
D005EEECE4FDF2E7
4DFAE218CA08ED18
50C4050FDDEE07DA
DE12EBEDCBFE07F2
D0E4DD2BC8F60EF3
2DF0EB060A0AF80D
1E01FEFDE3130F0F
D706EB1BCA08130B
FAE21117C20200EF
3B06FD12FF02090D
31F4DB14E3FA0FF6
4E05F9FD09FAFFEB
25DA0D11D4F730F0
D9DC15382A0D1FEC
FA28F723D6E7EE12
30FEEE0AF9D932FA
14210725DB120C00
D70BDB0ACFEAF807
091A00F3CEFF281A
04E6F804170D32E0
37E2EA00D4FAE2EB
F619ED0EF0F628C9
F2D7DAD805DF02E6
08F4100BD4E9FDD6
00D902F914EA09F0
11F105F20EF7FC0A
F4E40119FB0313E7
EDE2DEFA02FB1B19
08C1F6EAF5FD04E6
2CE80A0534F223E3
CA2613EE22F63608
F817CFF4E5F10BE3
2D02ECFA24F50E1E
3C1DF002E50230E9
3BE7E10014F906FE
33FEE10304EDF931
3C1DF3E3F2180B18
0EF0E30B0A22061A
6BE9F2F5FBFAE4EF
17C1F615DAF2E1F3
CDD9FF03FBF501E3
03B40BD80412FCEF
41DB0001D7120FDF
EC3510FCE109F1DF
03EBEFE3D711F9E2
4B051AF01E0C07D4
070600F4111123F8
AAE82807271A33FE
061D1D0CFFFA131A
F807180428FBF90C
D7C60EEDE70B230F
0AF3F4ED0B06E211
DD061F0B0D04F2F3
18C212DC200BFC10
E4ED19F224FDFEE8
0C1A38E60611FE08
D7BB200D00F50D1B
CF121CF70CFCE025
FC2221ED2DFB0C07
26CA2904E8F802F8
051F0313220D0AF5
C33F240D12F9E20E
33F419E1F6F0111E
192E140010FAEE1E
B12EF805FFF9FA14
17D20A19F900EFFC
E3FDDD08D409E2FB
D4D2043EFCF50AF4
E7D70508F6F5EADA
261C041FE0FB0803
D7FAF618E5EFF1E5
CD0FF001CCFDEAD5
F0060D3A06F7FAFB
FEEF0B2511EE00E8
E7F7E208CBEDF9E1
102BE8F3CEF40FE4
11FF08280EFC1002
DAD406E603E918FA
E5E4FEE0DFE3FBE0
22EBE90BCFE517F6
07D9F30C13FCF200
FFECEE1615E3EFF5
FFF9D7FB02FD03FC
0C01EFF717E10908
B409F3DFFCDF0B0B
042F11081AEE1712
15310AEE0DF806F7
D9FEF6F00AE61D01
C2E9FB1AFCFA28F3
1456F502230904F5
0002E9F7E5041F0F
F7E717F705031222
EFE320FA2FF82843
14580EE60CEAE625
F7220C063FF2030F
FAD209F23611FB37
07510FFB10080700
0C221BF12C11030B
0AE720EA17FF072C
D90D100B31F1E610
E814F0CEFE0AFD00
0AFB1A0C1107EEF6
0C2102FFF309D912
D51E2319F3F60801
D5D30A180AFD03FA
1613000A0E0E18FC
E4392504F0ED08F5
D5D0EB10180DEEEF
D62EFA001209F8E3
F1091E14E805F617
EB12EFE20114FDF3
15F2E7EB19FE1F1A
21ED02F3E8FDEDFC
E2D2FCE0F4121CD5
19FFF8E9E6072209
040F1BEAD9190C06
AB0EFCE7BE0E19D0
B71701EFD706080B
17480C08E80B07F1
230DF7FDDAF6030E
50FAEE06F2FD0E0C
04F7F903E9160DE7
0FF810E6DB1AF4E1
230E1CF5EE032A04
FD1F060DDB0AFAD8
DAD5EBEDA715F5C8
E40CEEE6BA0E06DA
3A3BD90DC90F11E6
FBEFE510FDF90C16
F2F9EA06200701FA
E5DFE822DCF70FEE
111D0D0322F31902
DE00F3F81FFA1F24
D902D709FAEE06FE
320C081A2E06251D
4ECAE7F2091417E7
1FF8DDF8FA1920F4
F4C5E5EEFB0311F5
00D6E7FFE6F7F00A
AF05082CE9E4F901
12FE0DDADBED02F9
10F7EF15FCEF171A
D51A0607D6000BED
0B081921EDEBF720
0312E11CE5F803F6
0D100A0915F7F4F1
0FF71F01FCF71821
E212FD0DF2F80D08
0408F2F708F80418
30C325EB29190811
D7FF0F08EE0923F4
E92E02E9E7F7E0F7
63DE211833FB0222
4BF60AFBF3FE16FF
CC32F0E7EE02FAF4
35F00AFF2BFF1EFA
FC1E0AE92DEC080C
43F924023AFB2C33
05F6FEF7EBFD021A
E81000F1E5F9F40F
021AFCD202E3191D
53DEE6D72B040B01
D9F402DAFBFBF109
E42A0801FEF82420
4A26F6F0F9EAFFFF
0DDAEC0B33DB46F6
0B00062541FB161F
2E14F407F0F10218
D906F70026F53404
E5FBE11E3F0E1B28
D80C0E0CF3070116
E0FBF1FCE6F3310D
22EF0707F51B00F2
E6ED1C0DEAF3E4EC
D1F71610E2E818ED
E2060820E1EA19E7
CC2DF1FEEFF1E4E6
F3F301E7D7F01FDD
10DC152AF905FFF0
E13AF221E5F4E8E1
FFF5ED0CD4FC18D9
EBD3052DF00A09F3
12D6E90AD4F3E8FA
D4CDE304F4FEF6F2
F41413D3F40BE203
13BBFFE2DCFD09FA
FAE31202D4F6000E
E433FFE11104D401
040B23DFD20EF30A
FD0E1911000E0FD9
103632F1F60405D9
1317F220D0E21A03
0F04F3FFCDDB1DF5
F1F92546C90407C4
E827F7E9D5FFEEFE
D828E5F6EAE80ACD
DDE4F918FFF205E1
08F5DB0CF9FCF2EF
0DFBF40BD4F81502
FF0C012CD9F602EC
FFFFDFAA000008AF
00001AFD000012EC
FFFFFEBCFFFFFCD1
FFFFF76000000335
4AE7F70DD4D708CB
1700D60BEE07EEFD
0BD9E51FCEF6ED13
1B36F433F4F5F8CE
FC31FB50CCFCFE0B
00E3EBFE03D401F9
DA0DED0F06DE26E3
E915190FCCF131C0
ED0CB8EE0EF40A06
F61009D8DC20ECF4
21E41C1601F7EE21
04F125F8060C0D2A
2EFF06E9E902E728
F8FA2D17F934E6F2
D90E1A17FC08D924
260429F8FD1610FC
14E91EFD1731F310
DFF3F2FDF3180D08
E9100BEFF9BBFA52
3603ED1B18C60F1F
3601DE2533DB15DB
E7D0CE0C01EF1424
26D8F2DC0AC8090C
0805EBF93A02FF06
2EEDF1351CE40804
14EDEEF4F0E8F005
1600D828F7CE0A02
D7F3EFF7170EFE0E
EDF502E619BE0F29
0EF6D81B25F6F711
D8DE252BEC080731
FCD5DE0FEFF1FBF6
E21B0645F6050A2F
02FF070AFEDD0205
00E7F520F0DB12DA
1FE4E92A09F01215
1614EFD9E133E0D3
0DE2F2D50622ECF1
ECFB2A0B1E29F927
300AFCC9FB16E1DD
F5E71EFC14FBDDF2
13F939F90B01002E
32FCEDD8F6020AD5
2B22DBE71717F201
E810011CEB46E917
EBEAF02901B7F341
E804C61C27BEF83D
FDEFE22915CCF5FA
E7F6D32816B51421
EFFDEFFFFDD9F62E
EFD3E6203FE006E2
EEE6D0F7DAC5FB2F
F8F1CA170BA8F501
FADFC10E2A040706
FBCCF9EF17E4FFED
20F61DE7E10BF2F3
1A0BE8F8CE130EDD
17D9E5F602E3F301
15E406E6E1E302CD
F602ED1CCEFB03E4
CDEBF60FF20105F3
F2EDF1F6F0F30D0E
10F8EC25D7E3ED0B
FADAEDBA1FE1FED3
DAEAE6F1D1C1050A
D508F401C3CCFBF6
F3FC1D030AFE00FA
D316F9C9F8E40DFB
0EE7F801EFCDF2CE
F6E913EF0BD6F6FF
FF120AF8EEC7F61F
1B29F822ECC90E16
02C9EC2CFCFDF642
FDD6E3161CD9E4DF
EB09EC1D05F20FF6
14DCE0F9FC21F6FB
EDD800ED02FE08F8
E8F43220E618EEEF
0AADF13417150AFC
E7DBE7EAF3C3ECE4
03D91E07E8C6F206
23FEF410F919F517
1702F422DAF7E9EE
FCFAFF23F5EEE6FF
191E12141FC60AD1
E014E22BEDE201F9
F506FE0AFEFBDB0C
E9EB27ED2DEE1504
D4E9EFC20CFA1DFD
F3F405C2F000190E
141B3F18E61BF6B7
CA1907E1D104F920
DAFC30F325EF053F
1AEE2A1EE123FD09
DDE7FD260E1602F7
F0F212E90E040109
28DB61F0C60DF4F5
3BDC16F9F43AE309
FAF92112FF230FEE
2CF5F013090DF733
F016E1E21913FCDC
DFECDF1ED72A0DE8
2E19F1F325FFF50D
1BF308E40F0BFFE9
0708D61BE020ECDC
2BE9F50218210814
FAE8F7170A02FCFB
FDF7D9F8F91C0C03
151504090930EDF3
DDDE18FED91DF416
FB2819D3E8030615
1AF1DD0920F8F42A
ECF10B01E7F7F61A
F6133925D8F4F119
D0D3D8E90AFEFC24
E1FFE410FDEA01E6
05F42A38E41B032C
21E513CFE5E8FA30
F9FEEBCCF71CFF2A
0F092E1805D9EE4E
250315F601F4F51A
F6D9DA0C21D3F909
3311422FFB0C060C
1EE7F60D00E5EF24
3716F616EFACEFE6
23131F1E0DD2F01A
12CF1D1CDFCBE4C8
F106FC28080DFDF1
EC03CFF410EE0614
16160A38D2D61105
F606CF0AF7E711EA
F4EF0600FDF41306
F21AF00CCEE322EE
3108FEF2EBBE0700
1FD412BA15F12FCE
FF16DD21EFF1F208
0BF3E70D2304FF15
29EF13F8120DECF0
C9F403FDDEDA03F3
23CDD5030EC3121C
F9F2FBF021011214
19D4F915DFE2000D
1CDE221E02050BF7
F2FAC6EE1612FD1E
D61A2F1EF3F30310
12E3F32025FA0CDC
1305EB012933E014
EDF92523F732F419
FED8F8150E1C0003
FBE103DF2B06E2EA
0409DB29F82618E8
1CD5EBE7172A02EF
D7DEDCF908FBE826
FF0F1FEBC03CF3F1
DDD806EAE0F7E0DA
D3E404DED530E6E0
0B013017F113E808
071D18FFF6FDECF3
D1E1F5E7EB0EE0A9
F7E556F003241D06
EAE811DFCF0919F9
C4CD11ED132E19DE
DA2D0715CC2DECF7
25FEF5E9D9D0E915
2DF5E3FFF845FC0D
F1ECF908ED1201F5
D710EC13F909FB22
22F5DFF1E303FB29
261E2B0B0434F222
23051525FA50DC05
DC2BD7EDE006010D
38ECD5DC3CD6E807
1EFBC2EA16EDEA27
C6DECAE60AC6F51F
2DFBD61DFACE0322
13F4CE1FF7F70708
C604BCF70DCCE51C
0AF2E426160C0F26
01FCC81EFBDB1DF8
EBECBAE52ADC06F4
CA0E140BF8DA0545
0008CA2E37DF014F
081AFFF420FFF908
CCD5FDF5F6CD0803
0EE0FADB0AC6ED2F
25DD01EF24FEF0E6
08F7DE3DE8F8EB23
2001E7350DEDE9F9
0BE0E70431D6EFF3
EF375609EB350406
2EF22EF40D23FFE0
ED0600083F14EEDC
F8EF4AF8FA0E0D0F
2EBF3A1725F814F4
E9E112E1112BF401
13DA4B24042D0B2A
26EE2B140429EF13
E3DEF9163815E4DF
2AF9FE4AE3E9FBCC
312A0159F3DA01ED
100F0F1CE5E40928
EB3AFB0DF6F30606
2A10C421D72009E8
0C2FC4262BDA09F0
070A18F3EA14FD05
00EEF2F5F6F9FC18
16EDDF0426F00ADF
0F362254D2EBE9D6
1534DE5108ED08E7
1F1A152AE4DB0721
09240D32D70218FD
192F102C0A1C27E4
0232CFED05FE00DE
C918EE00C7F11DF1
19FC09D303FB1213
30E404C9310723E8
BBD62101052DFE03
05C5C8BCEEE5FC15
FDE13331200CDC21
190FEF1BE903031B
16031204F3DCD6FB
DAFDF9ED22EFE307
2BD4FBFAF6D9F213
FBFE281DF1FBF7E9
F402F9F407E50F1B
C4F42CF2C606EC17
FDFE36CCD5D3E6FB
E81F40FD030BE226
16EA3A14EAEFF0FD
18FF1C12EBF9DEEA
E6230E2A000BD814
16EB2C02E7EAFCEA
F9FBF125FE0F09F2
F2E2EBCEF019FA40
E028FCE8E103050E
E41604F210D3F713
03EB383515E60155
1A092CFF0F260200
1BCBF81D0ECA0BC9
EBFDF5C8021A022F
27FC11EEF4D2F10D
F6000E1505DD09E6
0E1B0E18F2151024
0EE9FAEBEFF4FD11
1FEE0BE723D2080D
0A1A034AFE15F9F6
131F1032F1BAE50C
1EF70BF5F6DAFD0F
E813CF0E212FFD0B
12F9ED1119E12137
FADEEA0F14EDFB0E
DCDFDC1E1810F02C
35E0181224D9E8F3
D6DE08DCF6EBFBF0
F5FF2DD4F8D5ED0C
02C601F140FDEFEA
F2E1F1E4DED9DD18
DB0B1551D40BED40
0EF0FCF227D9EFFE
1203100FFBE1F723
E00B3136FD041D35
F3F4010516FCF1E1
CEF810E4E42907C9
04EAEAEB1129DAE7
E8FB15E6F2FCEAEC
FA01E1D1EBD4FDC5
F613FF12061BF0D4
ED2528D31809D40E
EA0CE4DBC7E8F1FC
D9FEDFEEF81502E0
13DB0824D9F90BCE
F0DAFA36DEDEEDFE
D2ECDC1CD8CAFB2D
27F61309EBE213E4
0209D237F4FAE7CC
D8E5E50306C7F7E5
19040B03EBD81BEF
35D9DEF4F3FA12EF
1CEFEFFC030CFDDC
040BECE1FC2B07E1
0B12C017E310EBFB
F6140B0714290616
EDF41120C6FEF90F
D9FEE0F5F7F7ECC0
EB0F29250202F421
1F161BE2D532EB14
DE25E91CDE2205D5
06E6D5E5E3ECEC09
000011C3FFFFF495
000010470000208F
00000A70FFFFDEE2
FFFFF6CE00001F13
27FFACF7DA14C22E
17E9D4EE021CF42C
02FCFFBAED3338F3
23120BF00F4FB831
2F0FF3D7F32CEFDC
43E5ECE6F3EA2DD8
F3FED40A2535021A
E710FCE4F4B700B9
1FE1DC00F6DFE40C
0BDEFFDC16EDFFF7
3B0EE81EFB2AE4E5
EC0CC2D8F816C138
19F8F60B09FBE1ED
0018E3F5FEE9FE09
051111150B4F0B17
FBC22919F7F50614
F1DC291EE4CA04F5
FA1A240FFA080FDC
031107FF20130DF9
E82CF228F9F80A04
2B2F08160229F544
E518F60FF5DA0AD8
EFDBF72F120A1CF9
F328F525E9FE070F
EAEDF216FE0D3117
E9090C28E2FA0B24
0B1402EE063600F9
DEE22904F7FC49F1
E1CDF50AFD41B5DA
0B58D6F328F2C71B
21FF1C001D20EEF6
38D21DE912EC26FB
174E0A16112AF7FA
07FAE00114E0CEE2
23D2F9F0E9DC3010
F23CFC08F71EF7F5
EA4416DAF9271CDA
0F080008D614FAF2
2A03DCC9E807E324
0736E3D9F3C8D0E4
E9CE0AEDF6D712DA
ED02D608F109F714
133FF311F3E9E320
150223E3F4E6D60C
FC1BD319F327F10C
CED9331224FD0BC4
D40BEA0D22D9E5E1
E5FFF63106D8F00C
E7F13B1709DA07D1
AED80044F9D4141C
CBFC0D36010BF22C
ECFB3D0905EDF80C
AFE2D438F622E3EE
BEF1DFE51CDDEC18
26FDF0D9F6D71308
06E6E4DB1BF3DFFB
DACDEFE3071FE400
F1EDE5FB2743F01A
FFF2C6DE39F7EC02
FCB615D22AE9E0F2
0D1AF6E536FC0D08
191501CA19E9DF08
CA0E0ED412B6FFE8
DE074FDBF5BE09FD
D7E726F6E9BDDFF6
E1C837DEE9E4E823
FD1CF409D7D9FF0F
CADE0611E0D2F5EF
B7DB1313FEB8CD00
EA12231BFFBD13FA
F2EEF021F6AAEDDD
E82511EC0CF3D11A
34CFC21DF6F11220
13F700F0E60FD70C
F5040DF4EFFC1A10
2CEBED1430EDEC3F
380CCDF131071117
DE02F5EE1C14DD07
37B4C52026FD133E
F723DEE5190402E3
C827E11217DAF907
2224B5100B160E34
FC0C070BF6E6030A
F8E4C7E9FF1737FD
47F6E3F41F16D632
223FD8F6FE341107
0EF2F801F501FE1B
FAE9070802D6F2E5
1F12EAE009E91BEB
180AEBF8E812BDFB
F928F7BFFEE2E3E4
23EDFDE4D5F423E9
23EC16DEE40A28EF
E518F30AEF220DFA
0A31ECFAF10B0429
31FD0C23FB062E22
ED282AD2E0EEEF06
032D1311FC10E72E
F9F30436FCF6311B
491DF10802DBEF24
0148CA0CFC2C0540
0718EAF1E5F4160F
2A13C514E3D40D3A
211AFC0F0A1AF930
081D05DEE41E1207
18F8CFFEF95DD445
4024CC13F729EFFB
FA0E08DEFCCA30CE
171C1F00FDDCEB3A
D4EE14CBED1E3004
E50B15C3F41031EE
0E29FFDFF02017EE
CDDFD6FB0B0DFAE4
F3E2CEFB13F22319
EC05C9DAF9200CFC
C51704F822CFF400
D6E1CD000DDDE425
CE7917ED0A3C190D
05FED6F9F42E26D1
0610DCC6E9150BEA
0C2FD20CE70D3209
120ECF1ED51D3A01
0427F6D90E344D1E
F842C11AEA1B15FE
0E12E9FC0101E0F8
F62CFE1B13083B2B
091B31BDE5DBE3F2
DFB702F1F40F37F7
12FA1A01DD3439D5
070D33DA02E7BBE7
24F01219EEFAB0E1
1228E8040A1C4D04
E21E24F5DCE3DB17
F3200305F409DAF5
C4D9F7F71CE808E7
EBDB031F242636EF
10C2411F0102EBDE
0839C81C161AF8F4
EA0804E4F0DB25DE
FAC70FF8E1D430DD
1A09DD26030FCEF7
F61A06FD070700F1
CFE70BFB09E9161A
13E5F41614EC1011
FDED22E713D640FB
FC1921F913F8F2F3
1908C71419280607
F5D20E03EAD61FEC
E5FF0D160319E8F5
0E19DBF0EB40ED05
CAD9370A0711F733
F1C122200FE71A24
E9E812F911E81AFC
19E7FFD1E9B1DAEE
1BDD12FFF7FCDA0D
EFF2FDC9F5EFE5FD
FDD810DAE21FCE1A
0DE2E1F6FBEFFC10
4308D5F3FB1BCEEC
F4C9F9EC031BF31F
0BCF18F2E4BFDFEC
F4F7D005D5C3EDF8
29D3F2F3093805D3
4A0B01F60AF202E3
0D1BE1D20C0302FD
FCE5CAF2F313F818
04F5F7DAF00CD518
E303DE0EF355C321
E918D9020B0AF239
1E07F3E1081E0312
0A14E218EE22F5F2
21003B07E5C2E601
D40312FBE6FACA43
06B933D7054BECD2
25F111180DE3F428
F0241119EB2D21F3
25C8F819F31DF2CD
2006050EED33091D
40211F0AFCEAF7ED
D6F0F70618E5F9F3
DCEA2E241F2301F3
1BF1F3030B01C7F1
1C19EC11FFF7E330
E1CD0802F8B804CD
C2C9FD11ED08FBEF
CA15FB170B00D82D
DC054D07E8D822D7
C7F5171DE11520FC
E2000AF100FCD619
1DE9ECE6F80AF7D0
20DA421006F0FD21
0D3FF2FAFE0AC843
EDEB24000CCAD4E6
170B181DE227F31B
2E0AE522F302020A
ECDB280018D8D647
DBF3322AEC21F422
051DEC09E40C22F7
12D8E9C30017FC0F
1C19EBCAEB3FFFF2
E9F8E1D5F5303EFA
1B1713E70045DC2B
01E41EF00ACBB1DF
190F102AFC19F7E9
DB1ED6DC16C8D206
FCFEEF0D03ABD5EB
D22BCC2718E1D70A
1E22EFB5091C02FD
170CDAC0EDF2CFD6
E1E40301F2C31C2C
FB24FDE4F6E1DA0E
3CF5030DEEE2E8EF
ED00CAFB11F50DF7
E9EADFD601C5EBEB
02E3D80F07D8DF01
C632DFED10BCC7E7
261A22FE07304609
4306C7F9F70938E0
E866F1D0FBCAB922
322303EAD80FDBFD
1943D6E7EE1CF7F2
E45AF000E71F0917
ED470828E0EBE41D
FE2FEB17EC100405
E942203013324807
F4CBE5ECEEE93C02
1A00FFE8F3E50913
E313F7D4093CEF1C
061111F0DEFDED03
19CE0303FD3AECFD
ED13F511EB3EE31C
CC25430A08FFE90F
F8B813EE121DF612
F6FC171C140C45FC
DA0A00EC15F068D4
EEF70FDF08F87CE5
0B58D6DE19E4BAF8
FDF200FC0BE0F7F8
1D0F1521DC062F0F
38FCFEE9F84112EB
CEFE09EAF20F19D7
0EF73831E00B21FB
DF28FB09E4167224
4CDECCFBFA080F08
E840213A01F20C29
02F9C510F44B0D42
17FCF1F9E6180817
F44B2B20F845FF16
2E29E202FB3913FA
EBDF04F6E6262724
FB033511F01333FA
2A11FC12E7EF26D7
F5421301DBDCD40E
E124FDE7D33A1E06
DCCBD0DBF3270B03
DB32D12E0A021912
201E11EE1E02F0F3
E2010F2001F8DD11
E95A00191505FCDF
020EE9D008DEC8E3
EBC9EC2812F90D2C
EA2E0F11F8F6F112
F808FFECEF0BC80A
28F3B1F717CEF10F
E4F7EFE70C06BE24
1A13000615E8E8DC
0BEEC813F7DDDEF3
16F01607FD0FD806
44FE01E6CFBBE8D3
FB07F7E9F2D0BD00
1B0932B4F9CDF5FB
D1C817FDCE0312F9
CBE7EBF2E74942EF
34EF2CE10B15D622
F2F203F50C3F12D7
35D8EBDAF5133DF8
BED944ECE02ACA11
C119F9E8ECF0F1F2
D9DFC9F702D41F1E
29EDEDE2010F1109
2DDEDFE0F516DFF6
FFEEB8EC12FAEA07
2D0CE0C4E2DF042F
21D1C104FA2BD8D5
25FDF2DFFF18FFF2
1527EFE4F00CE1FF
F4D7E3F3C7EBEF22
30F801E7DFC80107
00000D99FFFFF08A
0000148CFFFFFA44
0000186F000016B8
FFFFFCE4FFFFF37F
D4F3FDB3EFEA0511
F817DDF011DAEACC
FC3DF2DF0B30F1EE
DB1DF4F00CEFF819
F040E5E0DAACECD0
FC43DEC917CB030F
D01710FA1DBFECFC
F7E0EF11000600CF
29F8E6E0ED07FFDE
170D10470D1534D4
D72314F618D8E5EB
1FDB0CD0EFF9100C
21FDF10531F8FAED
F1F00F0404E32219
E61FE92E09D72618
3DF32CF0F80F2424
25070FFD0F142434
E41DF3FFF8282A47
0A14130F230700FF
DB00FEC805D1C1FF
12162BFF071AFF12
2B0618FE273FEA06
E6EC1CC511F5F1C6
F3180B0AECF4E811
331CFB16082AED12
043902CF06F004D5
181CF3D402B9CFEF
16182A2220DB0AB3
E7163AE6F0D6C8D7
F3FB03F3F4E9FAC2
0605210302250FF2
DE0DCDAD1BD4EB16
E2F729A4E603E2E3
11193F140E1BD30E
08E925AA30F4CADB
EF171CEC0FDFCCFB
3BDB05DE13E405D4
FE1BF6D40CD810EF
E1F0CD2FFDC511E5
2F13DACCE2CE002E
28DCF8E636020EE4
DC1CFD25E6CF2104
1E14CE0810241833
F40FE6FAFAEF0305
0702F1FDFC0E0B16
FC0321200F00D82D
03031FA0FBE7B909
0BE415E6E5D4FF20
29D3EE15E31FCCF9
18C30BBCDACEB9EB
0D0326F3C0F90332
17E8F6F6F3E7FE29
0DEFD099DDDDDDE8
DDF3D7E0CA08DFF6
E4F8FEEEFFD4F5F7
FE0B0FE5F207EA25
E505F9D9F7E0E831
09110E0011DFE304
E9E50FD8E8E5FB37
FDFCD9D8F609F21C
12FBCFF4F61DE7FF
13CFA5E015CC0726
F2DBE3D910E005F4
EEB6042814392ECA
24DF00F9F836E3C4
F0CEC70300551006
20020217EC3AFFDE
0D0816EFD937F8C2
D1F2F900124CF509
13E5F4FCE2BFE105
F4EA150C25C5C90F
ECD81820F4CDF8FC
DC08380904391CE0
F0043517EC2BF0E5
FC2D12EB16FAE3F9
F415E7F843E1051E
E3DEEED6E90A1814
2D030B0C16F81631
0C05DFDA3310EC1B
0EBEF506F9C7FCFD
0EE5E1FF061706F2
F1DED8FD01EAEADC
030C0CF20B04EB19
084A040116C3DB01
E622D115FFC2F6D2
EFFBD0F912D908F3
19FCECC601DD1DE1
0F1E09EBEEEB1E09
22EAE7FB00102000
15C1E8DEFEE5D620
2DDCEC37F5FB3FCC
2DF2D8D3FEE3F0CC
E5DED9230C002ED3
F2D3ED3AFC2CE218
11ED12EB2EE2ED10
00DF00FC0BEEEF07
11F7173711391B1F
FB190B4407F82A1B
0AF72E1D1D161457
EEDFEBD11FD2FDE8
07EBE1E800C00ADB
1F2FDDCE3E07F6CA
0100CBBE0AE621E4
1FD7070CDAEAFD1B
0EF2030C48B81FF2
D3DED7090B1923D5
1DD6071111082A07
FBF5CD03251F2C28
30E7EFEE2706FE09
F42707FA27F4FE0F
1DF00749F7FBEDF3
E5FE26FFF8DAE2DD
11F204FF1DE8EAF4
12D1FE0CF60610E9
211DC913E6A9F005
150FE5D231EB0A1C
27BFE4F6DCE9E3EE
5BD02DF220C5BEE1
4319E2F731D3D1E3
DEFCFCEDE7DFCBFC
2901F901FDA8F0E9
1DF3DBE039D1E1DC
1710E4F2EEEBF6D0
5C1CDFFC1AC7D736
341912D428C9D7E8
06EF2F0B06EDEA55
C9EDF4F5100FF421
EEE5E413120AE926
022BF4F8EEE8DE21
F00EE4E51DC4F93F
F433CC05FA13EAF9
E818DAD8E51AC405
FBEC25F928FEF306
1F072CFC0D1FF6F1
F1F81E1107CED962
2EED0A1520000820
F41102CFF21DE528
1D033308EDE5DA08
17C9F7FE211A34EA
08D4FEB9081FE0BD
0D1A08E7CEEBD521
33E2FF291DFC0FFE
DBE324040BFB05F3
16F414D9E929EF14
FCDF04F8F538E213
F4FE35FBDCE2CD25
100709F8FC09202B
2A180308E917D8E0
F02218BEE8FAC5F7
EF4B0BD02008E4E8
001511C8EE3B0C16
DB15EDEACF0ACD2C
08F1321F17E002EF
E5D5DD380A5259E3
1A00E244D3162216
E607D26723F02EE4
BC16D348F16E160E
D931BC53E0293E1C
FD1AF024E3512D0E
E6F80DF2E2632BDE
E5273744CD314517
EF012E10E71938E4
11050336000B1FF3
ED35E2EF18F5EBE7
1302DAFCFA0034F8
11050A1EFAE3010E
CCFCD5CE28D10EE7
222DEBD8D509DFB9
F501DD1E32245C5A
E817C7191BEE2651
170A102203F31B36
0CBF07D01529E0F9
18E1E81AE916D7F1
003D00B80C00CCDE
161EFBE620E3B013
081B09D5FAC1DBD9
1D2A03DDF1D7DDD1
F6EC1ECEFD0E00FD
23E9F307071EE800
E50236D50E1ECBFB
0C0BE2211820F516
E0FD08D6E6D60DD9
0C100FDC1A16EDEF
F8E7071CF21C0CCF
0DEE13EDF72BE1D3
1E0D2BD511DDE11E
0EFBF1E4E939FC06
ED1715DBF0ECDED4
1B0FF7FCCFC6D001
2712EDEFF9251D23
FFE71B38E41C202F
050A1DED2DF737F3
E7E80E002DEF0722
ED0AF820F9090DFB
1711FF0F0DF1F409
03FEEA13F41E1828
D7FB05060F45FDFF
2424FEF3F2E4FAFD
BD3EFE001DCFD711
1636F5EFEECFDA2B
1E3811DAD5D0F1F7
DA1DFFBFF1ABBADE
1D2BEDC523FAD2FA
FAFFF0D9D1D0E80B
EB22E2B61CD908AB
F8EEEBD4EAEEF3A3
2DD5CCFCD6CF10E7
0748D10924CFE658
233FD7B207D80C36
26F3F8C7F1C3F618
10250EDD1DD5F3EC
3209FAD235D7F31C
13E200E5F0D1012F
DEEFE70CDED5C5E5
F9DBECE9FBC7F4C0
2AFED503DDD9FE8B
2C0805DD35F4E9C8
E7F1EEDC2BF1E0C0
FAC9EA2C0B2519F7
460FE5DA2A3CA8E5
FC0ADAD748C7DEEE
0D02F00FF1E61600
1EE3280205F2EFB5
2CDD20EA290DF804
0DFCE823FE131100
2CF6CD06F50A4101
DDF0E9E21237D6D2
EBE2F21EBF2A0DD0
2411C920EE11151E
C41CEDF624D6ECFA
072DE630EF07FAD2
12053B3013031C35
13F128FCFE3507EF
E0104C60F016FC47
30151D4044E8FB0A
F7081B0C2FEED9D9
E6F8F5FEE6E7EF0C
20ED022F1F36EB26
ECCCF2D4260CDEEB
0112FADCFC0EDCE0
37DD0D38DD22F6D9
0700E2DA1DD9E743
E2DEF31EEF1EE959
100D21EB30DFB9FC
EF1720D7FCDAE506
4913FAFB50BFEDC7
231B16D731FCDD04
FB060EC7ECF9F3D7
362FE10C2CE0E1B5
F72527BA2101BE04
040CF0E0F1E7EC13
1E201F0E0DBEFEF9
03DA0EEB0E1EDCDF
14F327DF1232DD41
040B1233294001F1
EEF61AF5DCFBE019
EDE311210613D722
0DF732501E130A1A
F2052E3518D1D748
32D8F3E40308C5E2
EFED225132FEDF18
DFDDDD22FFAF31FE
FCECAF18EDC41DCD
FDDDEB0219CE43CE
E1FCF916FBF4EF07
DEE1BEF603C2E4D6
E0FDD7FA44D804C3
E001D1400CDD3108
0AE2D41D00F12FCF
1BF3DF242D3628C7
DBC3F6FB040BCE31
13D5F305D603FF2E
D50700D3CACAF42E
FA3A03DE21F41033
0736FB22E707E213
EA25F9D4D6F7D60F
D72942F0EBFEC8D8
F5E446C8FE0FE1C6
DFFD44C407D5E05E
1F20D7FBF2C331D4
DA13BBE7E7CCF114
00F1FE23FEF3FAD5
02240508E30B16E9
11F9B49FEB140CCE
EAEFECE30DC9FCED
1208E7DF17F0363B
01DCE50C10E01A2D
EE06F00B03211014
000022C800000357
FFFFEB00000026EE
00001356000022AD
FFFFECADFFFFFA20
21EAFEFBC50105EC
2DE2FFFBFC09011F
221EF000160AFB2E
1FF504ECC5141B09
1A09EBFFE5050056
F829E9E5C5EAF9FE
252611FF0907195B
1D0C1725FE1100E9
FC480A11F81AFFC3
0F1D06F02A0BFF1D
F817E4FAD4130A1F
15D7E0010CED1019
141DE7E4E0010411
0A1DFEF3ED09FAC8
0AEA14E926010D02
EE0CEBF6FAFBFFDD
F802DEF2EDF81042
0DF8FC0826E7FCEB
0322FB00EA100BED
040608FA1D0CE7DB
DBF7F3D82B09F232
FAEC210CB7091111
F01427F7EAE5FC12
E1F81F17F010FE11
EC01F2F5C805010D
F0FCF7042AEEF256
EAF2EAEB00E9FE3A
CAF8DCF5CAECF3F4
0608E2D5C7070E43
F43BB4F2E9F3FC0C
DA07F501DDE4F42F
F60BE4F3E10C02E4
EE3DC214EBF5F62F
F4EE16E9F80CFF2A
EEF4F6EAC900FA07
EB0DF50F05FAD322
DF1D0AFA24FFF83D
03FDE6042DE7F2FC
F5E73E1611F805F8
0D17330E01F6FC01
17E608011BE6FA0C
16E5261B1AEEF1FC
DCF036242C09E807
EF1DFF0D1C05F3E4
08E4FE0703FEFEE6
EA0C040BDDFBE53C
F82FF8F3F8F6DDEA
ED2020E2D608E9F3
FDF32F05B8DAE819
F825FCFDDBFFE0D5
06EE1312AEF0F7F6
F90C01E3D4F1FAD8
EA2E1316A7F3F435
F701FFEBEEE5FE41
2507EEF7D1F611F6
27EFE6F1E5230E26
12F709F9E6011001
1F0301ED0A161E18
25FAF9C1000DFDE6
11132CEE160E1F31
1CF8F3DEE0110C1E
1CFF14E5D207FF11
1FF13CE3DF0006DD
F2E547E3E1FEDFB6
15F727E5CAD8E5FC
0A2AFDE81FE7F817
03FF34010DFC002C
2E0A2E0018E4FE00
180F14FEF8190DD4
03013D15B2EDECDC
24192705B3FFF9A6
E527FDE2D212FDBF
3AE72AD9F82214F4
15EC3AE50E250DBB
01F7080A190B121F
20FF2EF8250C07D3
32F23ECFF7191618
171E12EC1008FC1B
3A103FEAE81A1EEC
35E11AEFE51601F2
02EA17CFF0FB0BF1
EAF6EF0101F20BC6
25E506011F161A45
142CFCFDE8F0061E
0F04E0EFDAFF0336
0918E7DBE30E0D20
FB28DC07CA0BFA04
070206FAF3F11512
29E41EFC1CFD1BC6
F4FE111000F1F5DF
E318F9EE2BE700F3
F515F9DDF10500E4
14FF10EAFBFBFEF5
F5F919F8050AE6E3
ED1616F209E300C6
FC08EAF7FFF90CF5
DCCA0A1C2FE6FDE2
F2F8030700121111
1310FE0F1E0EF7F1
16E515F105ED020E
220504EEE3F001E6
01F7E7EFE001020C
12042519F1E7E319
0008E8E7DCF0EA22
0E13FDE70605F105
1D1420EF2A0EEC2F
2AF6EC1A09ECEA48
F6EDF40504FCF0CD
EF14FB0D0812F1DB
0BED15ECF0210E4C
FC1624FFE3F3F015
06E62AE8F215F839
FB13F5FEE0FF0D47
05EB4105DA1C182A
01FF16F1FC1B0AF9
E6F3360A020D0BE5
150A1014DE0A092E
D407E5E8DCD700E1
0CF9FCF4FEEA010F
00EC04E6C6EFF74D
D60424F7E807ECEE
F9EBDEE602EE044D
F6FBF9FDD90910F8
E0D400F8E2D7D52D
EFFC2CE0DAE9EA11
FCFBEBE5C5F00EF0
F83A0F0813F3F007
11230F1520F40A04
0B3106F02E02F4E5
E9F8E009EBFCF40D
0814FB1DF103E710
E5F0E810DEFAF121
E013E806F8F1D8D9
0B07E61BFBE7DBF9
F107F426D902E6C1
DDF30DEDD3070033
1B1E13E203EBDDC6
FB06FEFAFAE406FC
1C2302E5070FFDD5
1C0B00F4C804EDCC
021C1612FAE9E90F
EEE92DF7E7EFFDEB
F3EAF903D6EBE000
F0FFE6FAE9ECEB4C
08FFFAE9C80E08EC
F7F2FCD83305F103
EDE6F8EF17ED05F1
01FEF9FEDFF103CE
DEF414ECE2F4042C
0BE2DFFF15E0DF37
01E6F1F7E500F93A
E7FCE12710FBF131
F8EAC617FFECE205
0EE02BF53E00F3DD
1DEC23FC0EE3F01A
0E05F5E72EF8F9F5
F6E0F5FD38011035
080F0DFF29EC04F0
080FFDE75AE7E9F1
04FDF51B6BFCF346
F1E6110A54DFF008
141414255DE0E9EA
03F7E515FE0CF6F0
E9ECE92513F4EB03
12EAEB2904E9042A
0417E306FC06FAEA
F7F6010331010100
F2D9F20531EDF916
EB09080938ECF6E0
E715E51121FAFE29
E9FC02044206F944
0018F3DCECFDF39E
1C18F0C6F5E2E1CB
EFF6F8C80E0B0555
F2DF3404E40FFFD3
04E3EEF8ADE6E522
E11DF1E7CB06FA20
FF100E0AF6ECEB26
2FF2EF02B7E2E146
11F9DFFCDAEFEB19
F8FA14CCD609EA16
FDFD2AE61CF1EFD0
F81311CCFDE5EFD2
F9060513E30AFCFA
00F50CEEC7E6EEA9
F90909F4140604E2
07DF09E7D4F5F41C
DD0504F41CEFF212
FBF617E722E1F245
0A1801E52EF3FDD0
F73404D80AFC03D2
1B17C4DA2400EBFB
FCE2F3F6FC071505
EAEFFB2A0D13FBBF
ED2804122512010F
09E0E20018FBFDDF
FCE5ED150CEA0035
F010E7F326FB0BF9
F1F61308D003FF6D
E414EA00F301FD71
E831FB051D101006
F0040511D2141A4B
01230326FFDB0A15
03041E19DBEDF7E8
FE271731011EFD2D
FD1C0F42161AFECC
E82B102BFB100CC8
D52FFF10DBF4FC59
F52700F9BE050B22
050520EFF107071C
F609F008FCFD1739
1742E739E9F212DB
E5110933010514B0
ED3CFE10D5F3FFE0
E435F618E9050981
E824163BCAF40DE0
FC09EEE9C3FDE907
01D2E5030600F92E
1CE9FCE6EEECFFCD
F5EAEDF203EDEEFA
F3E61214F0F90FC1
EE16DC02E3F2F7EF
E8CBECFFE8E8F2F7
E811D5F9F3FAEDFB
1C03D622F4EDE3D3
04DCF5C50EE6F308
05E908F6EDEBF3E1
20DE15E923F40823
F3071413EF0508F3
E010F7EDCBE2F0ED
07F810EFD806FC1A
04E0FB1428F7F405
FED7F7080A0CFF25
0CF70A17F5E2F9E3
FDF7D6F114010416
EEEB0CE1E10206FF
04FAF8D307FA06CD
F916D7E5E8F5FCF4
F9F4F80EDCE5EEF5
081803FCCBF3F4D6
DAF6FDFCF9E1EF1E
F723DE1BF5FD1102
0316EDF8FCFBFB01
FCD103FCB3FEFAF3
E2CCDBDCFF13F935
E5F2F4C9EAF5FE48
FEFBFCF9E9F11D01
00E0D9C9E5F9EE36
0701F7D102FCF854
F6F125E2DFF8FC43
E6FFF6E9E6E0F859
08F6C6DFDDEAF215
06F80CC7FEFCF4CB
2CE326D3FAFAFBEA
0F0E0FDED619F135
F4CA33F4EEF7FBC3
25D81DEBE2F7F30A
E8160CFBF7F2082B
0EEF3B18CDF2FA34
35E020F5C4F2FFC5
F8F9FBFFD501F3E6
D9F513141DFCEE0B
1507E31E09EDE106
FE04001BF412F8BB
F00704F50F01E9FF
1D02D81DF1EBDDC7
F603220511FA02CC
F80C0D1A2500E3E9
00F6DDFCFAF1FCC4
1D110503ECEFFFAB
122120E100E7011B
1901F3EED5F9F414
F10CD70F0ADAF836
02090704D6EBFC07
FB08FDF2DBE4EF2E
D8FF010DDBF0E5FC
DE040811EDF9E020
F72700FDF1D3EF14
F60E1219D9EDF59F
00FE2AF4E117FBF5
0C14E50DFBF3E91B
08020328F80EFF23
19FFFE03FBFFF103
21F2FC0FFEFFF8EB
10E9FDFB1105F429
0B032C1119DF0206
08FEEBF728FFEC03
18F41E090FF1FFE8
00001A72FFFFE6D1
00002B9400001D23
FFFFF03600000FD7
FFFFFD82FFFFF09B
F4E5271D2B0D020E
F6FD1318F9EEF707
02F92C180016FFFB
E2BD17FE090322EA
E8E412000E1A11FA
EA06162D0A25EDF4
D8D70AF32B10091B
F1D7FFFAE42004FD
F604020E042132F7
F8F329F12C17FBEC
190A1B10FF12FBEC
04EA0C11F3FFD908
06122A15EA15EC02
091715E6F40FF403
03E61BE5FAE3F1F0
FE16F9E81BD90F08
F3FFFED91613E9F6
05EA29E71FF4FEFA
0123F417EF13DFE4
1B2A12DBDE2BF108
3535FDF5132AE602
171EF6E80B060D02
0005F2F0D9FCD207
0539F5FCDADCEEFE
02F507E2E52AEC0D
0B11EFEBDB06E910
3000FCD101F4EAEE
F1300EEBE9F6D0F2
1A1CE8EBEC04C9FB
1F0CEAD72606C8FC
D60E1FEF05E704F2
E9F9EB0311EAEE0D
1F0CDF21F600F0E9
111E03C1F813E6E7
1CF5DAD00A05FEF4
02F1E3E9D51527EC
DE00E8002B01240D
0B0B48DAED00FDFA
D5E512EFD7E91004
FDFE03DE21143402
F5070DED1BF1000F
D7E120E9FEE31F04
FFEF2AF3FFE8FD07
04FD08E1180B0A05
0020EC0A0115FFED
1E32CA02F8F7CB07
102BCDDFF831DAE6
4D50D100F713F0EA
E607DEE9070F1AEC
221ABD10FA0BF9FF
221AF2E3FCF7E2F6
001CC5E3EC101AF0
F3F8E2EAE416FF03
2EF2C101DDDFF1EC
0AEAE8F5FFFFE1E8
FB150FF9F2E70500
EBF6F4FDF5E6E400
E8FAF3FBEA19F718
E9F9E1161913F80E
C8DBDBF41ADDF5F5
EEF11E17143FEF01
FDE008181507D6EA
CCC0F91C0F11D80C
24F7EEE1FC04BFE2
F9E108FBE6E6F4EF
FBEFE40F050AE5FA
2405E4F1181500FF
E800FF080700D8F4
DFFEE525E504E9DF
23091DFADCF008FC
ECF81005071606ED
F536E61E23302CE6
10172129CDE8DEF0
E1D3F226E0E80EEF
EB01F310F41B06FB
E8193B16C61DE2FF
08C715F9DFF5DAF7
EDD90D15FB1107F0
F5042319D520E6FF
FDDD1312F10AFFF4
CAE31C050627E2E9
15F40FF516EFEDF5
F5F3E8F8F61DFEE2
F80DF905E50CDDFF
0ACEFB10E0F10C16
F5EBF307E1D90300
14EEEA11C116EDFC
E3FE1205EB0EEFF9
F8D4FE000BF0000A
050B1702CE131402
D9BEF8F103EDE6F5
CFFEF70DF901E4FE
05E1FE0014FACFF1
DCCC0911EEE912F1
05F515FC100E0DE8
FAF8E419EF151909
D2F518E5FFE8F1ED
E1E61C12DF1610F4
02F111FFF7F2F1FA
E2F33AFF161104EB
1AFDEC0DFCF10BF8
DD0906030DE610E9
F21A13F7F1EB0E00
08FC1A08F61B27EA
000501F6E5FA32E5
1A033716E50A1BF7
ED052308F7171D0A
050E0D190FF6F901
FEDCFC0902ECECFB
F20311F2D0F8E2DD
F1EA1105F1FF0104
1904EEF9E7F01C02
EAC817110DECF20B
C2D2F4080414010F
FEFCFEE2F5E30300
CCD9150A080EE503
EE04F300F30CF7F7
0F00DBDE07EC0900
F10439EC05DFF0FB
EDEEF0E610C8E8FF
F62ACEEDF1F4F304
080A21ECEAF11202
DDF2EFE900F5F7F1
1E0BF3E4E5DC09E8
0DFB07F71BE608F8
0E11C7F8E614FEF9
BCDA100BFA330CFA
FBE60C111B252608
07FC0C1F18090704
D1FEFBE2F01121EC
E6E3FF13F2361104
F8D9CE09E2F940F0
CEF415E6D6E10AE4
FA020EE0DF2206E3
0405CDFA01EF1DFB
0609E214F432EBEC
F526E5F1E23AF7F0
2C1E0606E01AEC05
F5E0E3FEE3F411FF
F4FDF108D71D0FE8
15FED0F9F5201105
F8F4FCEAF10928DF
F025D2F0D72409E0
1FF9E3F0EE0B21FD
F6E4F00DF022E501
1613ED0EEB04EE07
192E07F5DE19DAE6
E3F2F41702F6060F
0A32EDE6D627E6F5
1AED29F9E721F3E3
E60BE2D912EC16F4
1FFCE0DB1A26F9F4
161F21C5FE1900E1
D1C914FF0F0EFEF7
E90C0204DA0EE3E5
E3D02710D31CEBFE
E6EC2B1BEDEB0B10
01F6ED09F8F61FEC
FF0BEA2DCFF71108
D3E2031406D5F311
E5F6170D06EFEE02
D7F0FE12C11DEFE8
ECCB32F900E10302
CBCA12E4EEDC13FE
D109100614D52BFC
F4092802F0F00C0A
FAD81EEF03010C06
03DA17F8F4F12601
081727F4F2E014EA
0D04DF041EF8EFFC
ECDF10EA1C07F203
F625FA05D7F7D6E8
0F0704ECECE9C3E7
1C03FAFFD300BAE7
E516F31ACAF511F8
0D280C1EEC0EECFE
1F12EC26E815F3DF
1213F8E8FDF9EFEE
EDEEE2EC0DEDDCE8
0F05F116E3EFFFE1
F523FF0ED90DE5FF
1C070512D918ED05
144FDC07DE23CFF6
030BF9E8080F0406
F6FDF8ECE823E0EC
1A1DF7E6E5FBFEF2
06EAEEE2051A15DF
1B08DDFDCD0EF401
0D3606F405ED0207
DFDF0C251529D2EF
EDE61902FA24D5E6
141319F7F738E90A
F6021E05E70A08EC
1E031CE7F626230D
F81D12FE053201F7
E9060CDD0902ECE3
181A10D3FD19DBEF
10082D0206E6E2FD
D4EC300E13253CF8
FB080F0E075D2108
FC1D10F1312B4813
B9F63AEC1209410B
01D44EE8013734F6
F90D01051F452706
C7FFFDF225F94112
C2E212FAF6482EFB
1313DECF04421319
E4F108FC113A03FC
D5251200104005E7
0FEBF4EB03352E08
C7C7FF0730FF280C
DE0131ED0B493A06
07EBD7EC113B2F20
D6D025F61B203CFC
DED00CDC1A37480C
E4F7E600283023FD
0D0901E9FE09F5F9
EB030FD5FAD5F4EC
32FBF2ECF4F711ED
FDFBF9E2E4F8FAEB
FEEB1500D716E8F8
0C1AE3EFE822F102
1F1711CCF4DE17FC
FFF204CDDC0EFBE9
EB0FF1030AEFFFF6
F7E2F218F6D0DFFE
1B0104E9EDD911EC
31F0101606F4EFFC
DCD3141AEF1012ED
0DF0F80906FB09F6
020A0618FC21E6FA
F003FCEDD9E406E9
160A09E30CE603F3
FE1E0F2C101AFFFB
04F1F4DBFF15D2FC
21E50CF6ED24D3FB
3EE408ECF619FB09
0026D605E007F6F4
1B1604DDDA2E1FEA
0D1F02FAF53B0EEB
F908F0D3021A21EE
FA09F6BCF9241E02
0617DFE4D21026EE
F20D3CE9F9F2D714
151CD7FDE8CD06F6
2D3914E1FFEAFBF2
D31DF3F1F7EFE5F5
EA27D5F6E8E8E209
282236E2D205CCFD
E524DCD317F7D50A
0D1AE2E415EB01F9
420E2BD0EFFD02F9
24EAD101DBD5B2DE
F5100AF5C512E4DC
D8F3E50AE117D0F9
26F1DFFFDAE5E800
FBF8010CE02503FA
FF2A0015F113E8F0
F01503F5D51FE7E5
E4F513F104F2DAE1
D10CEE0DED0FF1F3
E4FC130901110FEA
D1E8D8EBE3071BD7
CBF206FCF81E09ED
00DF3414121125F3
DEF22401F31311E6
DB01F415F5EE13DF
F1045600EF120103
DAC84A0CEDFD05FF
EAD1231A110313F9
DA060405DD130B00
F109CF03F112ECEF
3104FC000A1BF702
E1DC0601D20314EA
04F4D7F7BF321706
07F3D5F9F72411F2
C0BF00DCE5F116EF
060F07DDFEFF0EFB
F50AE8D0D703F9F2
EFF1231817F300F9
FEBF2AFB1AE71CFF
EAD5F9080AFA10F6
E4ED20201D0D05F0
FCEB28FDEEF104F6
C6DA1C03FD021D03
EE153A1616F8EBF2
F3D6320FEBE41EFA
EF041F0F0AF33BF5
FFFFFE4F000026E3
00002629FFFFD54D
FFFFF169000016F7
00001E5C00000E50
07DB0BFFE90A2819
FF0A1BF000F50217
E2332F1FD5E01F1C
FBEF1B04D7FB0C18
02DC4004F703E1FA
062E17311EF20B04
F9CE3D1BF6FED114
0FD021280AEC1321
0324363B18F4EA11
F618F6EA12FEECEB
0A0FD7EF0C1E09F1
25260705FA0B0904
FCFE0A0E13E4EDF1
FF26CDE412FDFEE8
0BD5DFF10727E2F2
F3F9FFF709EC190A
04341C09EAFDF8F1
01DC07FA181408FF
14481EF020FF1DF0
1AEC05F023F818E7
32F1ED0B1D162BF6
F244040CF8041411
F10FFDFF0CEC10E9
ECD2FCEB1FF02CF0
F6590105F6F6FAF3
1C28ECFB001B0BF4
05D619020A111412
127122F5FC0EFAEA
1AC3D6D91A081BE7
03D7FA04030E08F8
F946DC0504F41302
0AD8D504E5E1FDEF
FDD1F3071DDF05F3
FE09FCFAE4EC02F0
EE1001EDFDEB06EA
1FE20CF614FCEDE0
F90EF6EBDD14E9EC
E2FECB25FA03EDFD
03E9EAFA04E60F05
FAFEFEDF0D18F9F5
FBE3ED02FDFADE09
E3E7E01701F0E9FD
F0EF01E50508FBEB
B43CE40BF006E7F8
F5FB19E31910EAFC
450EFE090EF323ED
39FCFC0B09E62CF4
F20DD50518FA3300
121E28EF1CE40C07
F9F1FBF2290C170A
FA1E02E52BF21B06
210C0C0F15EF1103
E9C1DFFB02001301
EFFCF911F60505FC
1BF50D0EFEF22312
09CED3EC0AF5110D
F8F1D1E9F0F9E4FB
E222272213ECEA0A
EAFD0C2AE6EA13F4
1AE0D42C02F7FF1A
1A07171A18F3E011
E2EAFD3803D6E604
13FFFF2AE8DAFB09
F6D7FEF8D1F8E8D3
EA433013D8FAE2F6
0C0D2403D1FAE0EF
EAE20503E9F201EB
F9DE252EF2FDEDF6
F62C0A23E8F9E3F7
00EF040CFFF5F7D4
E7150E22DDD30900
FBE62E10F6F807FA
F92C2FFF19FAFF09
EFD64D1711E30623
EF280E13EEF6E622
D80CFEF8E308150F
E12A3217F803E706
D9D7440DDEE50421
03FF0307E302FF15
0A071226F2F2E90E
04F0381AEED7EF19
E0BC19E9DDF10111
F7133810D9DDF001
061DD9FAEAF7F9FC
E3D82F130BF7FD0B
CC0D2822F4E51405
EB0CF42A06E60F01
02FD25E8FD0FEC1C
DB2E4A2105F8F31B
F20CF9FE09EBF9F0
06DE03E7E5E3F8F0
ED11F0EEDEEEDEFE
F81C150DEB0A0A0C
E617E3E912F5D4FA
27FA0B01F90A0BEA
2FE113FC0204ECFA
0CDDD1F5E5FF18F6
042B081812FDE4EA
07F51F0D0F14EAEE
E302ECFE05F8F400
04CF3122E2F4F8FB
E3F4190CE0E8DD02
D004DF071A08FBF6
E9090416DEFDE2E8
BE04140ED1E0E1FA
EDF50419DF08E6F2
D9FA250BEC050D0D
D2F92E07DAFC06EA
EA122FE306EC14FE
00EFFE1FF1E008F2
DBFBC0FED90A0010
D91225120EF50B05
D222FA2514E90204
F5F0D90FD7DB0318
022A130D0DF6F009
CFF6F70BFCDBEC03
F018EB0BDCDAE612
DD542FF905F7EDF1
F9710C08D5FA0705
EDB8E1F8E7FCF8EE
F816F80802E91BE4
FD0CF8F30B05F4FC
E224E2FFDC1010F0
130311FDFF041BDB
0A1D0F23D00B0106
06250505EAF9E8F4
FCA8E107DA20D90E
0E2CF80AE710F7FA
F02CFDECCC02FFF7
F5FD07F5F8F1DFEA
F53B0E01FCF4E5FB
EE3CE9FFF7060610
10C70FDD1B260EF3
FFF5F9DF2DF4FF03
0B43EBF70CF909EE
2E1C0BFAD90210F1
03C214E1FBFA0AF4
331C181A07F70309
34242803EF1016F4
13F31AE620E2F0F0
24FFFC1837160DF2
2B0CEC07F00BEC0D
0A0DFF011805090D
1902E30935FF0902
3E4906F5F114EE0C
1B07CD0706F30EFD
02DC160EF2F815F4
150719EA1E16280F
1AF8E2E8072E0B0A
0F07EEEB280D0FEB
1B05E5FF1B1E1E08
20E7D5EE0B3017E5
F9E1EFDDFA1016FE
20C4FFF0E818CA0F
E6F6D113DF10F712
F21442F5FF11DA02
21E1D2EC0D10BC04
2CC11212EC04FEF3
10FF15100EFFE7E8
25BDD3EA101EE1FC
23EBE8F61606E602
22EB0A29121D00F2
EA23250E0E0BFD08
E7F7DFF21403DA07
F1EFEE04050109F8
F9E0F0FB06F50207
D5F2CC13F91503F3
D7EEFFFCEF110CF4
EFF513F40400F910
E01B18E8D018DA00
D2D831EAE10F0600
11F51112F40E11EA
091D1E0F06DDFA04
1A0B240B00FF0DFC
F300061D031A05E9
EAF7FA18F5EE0D01
15E42312290210FE
00EBCA03020300F7
1A420323FFED10F3
150C0A1A0AEA18E5
23F6000201FF1F01
2632FFF80EFF3FFE
18DE10E3101515ED
1C1D1DF20DF315F3
F7E019FF1C071003
17FA25E01E1A0DFB
0B401DF715042CEF
24FDF40BF1090FFD
DEF922E60726F5F0
18D9FDF31B0FFF07
0C10EAF8F01FF00A
37FE07FCF7201EF4
00FBFDEDFEEDF8FA
071014FC24271DFE
38EB03F21E25FD01
1D12F7E3F81AF2F7
F01F08061733EEF1
1E120D10280DFEEA
F6D6EF08DB22F00E
D9C0040CD7EEF312
0560F9F5FDF4FBF9
EBDF301AFD0DE613
E2B4FAF9F5E6E210
0E4FEBEBFBF21911
E2BFFDE60233EB22
F8BB17F7311D0505
004ED2D312E3FB1B
C6AA07FEE00FFF1C
E905FD10E0ECED0D
CD56E1EFC6E10F13
D7AE17F2F4FFD9FD
15E90BF23AD7E610
D756DA0115F1FEFD
E9F12804F60CF503
0BBEF7142602FE12
F050CB060AFAF815
E64A20E7F8F20BFA
FC09FB0EF4140BFA
E3D21D19F2060FF5
FE29F10A04EAFFE5
1729E5ECD81DECF4
CA0A1EFEF502F7EE
24F40B0408D01405
F25413F5050602F7
F3CCF4110CFCFA02
07F8D6E6EA00D703
0EC2CF080EF20102
0AE712FE030B00E6
0A2FE9E006FAFAF3
12E7D8E906FA0A0D
14000B180A031DEA
F8E4EE00EF061D0A
163302F2060BEEF3
0AD1F5111C1DFA03
2D4FE910F9F3F1F1
FE2DDEEF0709FAF5
0CF5D62205020A05
18EFDFD80D000DF5
FA16F102E21A00F5
F5C3D0131212EE09
14D7EDF0FCF11E01
0D27ECE615FD1AEC
1DC7F3090FEFE710
143A150BFD0D1FFA
09FE02F0F6EF1006
2F162D0A010827F0
E85E1D1AE308FEF4
11060BF407FE1BF8
13D011130BFD39EA
EE20F6EE040E1807
CF0EF70703F715F0
F00B04EAF80A33E5
D70CF8F5E0FD0EED
F0DCF725F8FAE6EE
E4CC140B0CFC16F4
F7F0F1E3E70A06F3
10120D31F0CEFDFC
F601F82A020DFC05
0D17FC0308F414E4
EE1DDD0ADBCC2206
EF20F91AF6F7F1F1
ED0007FE112CE9ED
DEF50B0DFD09D1F6
1D1FFA25F3EFF0F5
EEEADEF9F225E2FC
0200F909F712F8E6
031E2403F716FEF0
EED6E21BED1CE2F8
FAFCFF13EC06EBE8
F02835E8F5F7FDE8
10BCEE02F41507F7
FE001D14DFEAF7FC
F438F510D6EFF302
1AE6F5FC0BFAE006
0903050C1604E706
2936E8EFF70B00EC
1FBFF4F52A08E30A
02D803F113E0FAE5
F450E5D91004F2F2
0A0CFCF1E709FBFE
06290B1003E4DF0A
0DEFF113F917F4E9
EDBBEE141403E2FD
E6190824D815E3EE
E1D00A1902FDDAE7
E4CE05FDF9030106
C2170B26E6F2E8FA
D1041DE9EB19DB0E
0000061D00000F90
000009D90000048F
FFFFF1EDFFFFEEA6
000007D2FFFFF5BD
FC00FE01FEFDFF02
01FDFCFDFE03FB00
FFFC03030101F300
F309FD030501FFFE
0300FCFF03030700
08FA0302FAFD08FD
00FC0003F9FE00FD
0304FC0302000103
00FCFF0400010200
06FAFEFDF90001FD
03FB02FDFBFF01FE
05FCFF00FF0401FF
0300FEFC0203F7FF
0200FF01FE000104
02FE0203FF02FEFD
FFFF03FC01030200
F90A00FEFD020202
FE01000100FE04FF
F90900FDFE0004FD
FD0AFD0000000202
F90302FFFF04FD02
FC08FE0302030400
FA0F000103000103
FC050202FEFEFDFE
06F9FFFFFC020A04
04F9FEFEFE0406FF
0001FCFEFF0002FE
02FC0003FFFE06FE
05FCFE02FFFFFEFF
FAFE01FD09FDFCFD
0006FDFE0300FEFE
01FC01FCFEFF0103
FFFFFD01050301FD
FD0603FE06000003
000700FD04FDFD04
FB0CFD03FF0304FD
F807FE02FFFF0202
01FDFFFD020004FD
000201FF00FD0602
FF00030201FE0403
00F702FFFAFF0600
07FE02FFFC0105FD
FDFC020402FC02FF
09F6FF00FF010800
FEFD00FE03FDFDFC
FA00FCFB01030101
0002010001FD0102
05FE0200FFFFFB01
05FF03FC00FCF300
02FEFFFF00030102
FD040103FE01FBFE
02FDFFFE0202FB01
0008FDFD02FCFBFE
FF040100FB01F603
0202FD03FE01FD02
FC06FC0100FFFAFD
FD0902FE05FDFF00
F705FD030302FAFF
F80B02FE03FBFBFC
F70B020104FFF902
F70BFC03FFFE0103
FD0103FFFEFCFAFD
000600010403FC02
05060200FFFC03FD
02FDFF0304FDFFFF
04FE01FEFCFD0801
FFF9FEFDFAFE0200
FC03000001FC0501
FE0100FC05FB02FC
06F801FFFDFE0200
08F401FFFA010100
01010303FAFFF7FC
FA060203FE000301
03FBFEFBFEFFFF01
0103FDFF01FB0303
05FFFCFDFC020200
FEFF030000FDFE02
FBFFFF04FAFDFE03
FC00FD01FFFFFF02
F801FF02000002FC
FA08FEFFFF00FB02
F9FF0201FEFE01FE
FE060402FD03FBFF
0003FDFFFFFF0C02
FD0602FD03FD0303
0006FC02FE0003FE
FD090001000200FE
0304FF00FDFF10FC
0403FCFCFDFF00FC
04F6FCFF01020002
FB04FDFEFBFC00FF
FFFF00FF00FC0E03
000203FEFE010200
FF04FCFEFEFDFB00
FC0500FF0600FB02
0202FD0101FEFAFD
0600FE02FE000101
07FFFF01FB030101
FFFC0401FDFDFF02
0501030001FC0501
000300FF020205FF
05FEFFFE00FDF803
000001FDFC02FA02
FC06000303FF0400
03FBFCFD01FF06FC
00FBFEFC0300F502
01000201FDFEF3FE
FB02FF00FE02FB02
010702FF030002FC
03FB0300FDFCF8FE
03FF03FFFD00F601
04FD000303FF06FC
0004FDFDFDFE02FD
F707FF01FFFF01FB
F90401FF04FC0500
FE05020104FC0302
FB08FC03FE010501
FC020000FFFD0201
F90901040302FEFE
FD04FC0100FBFF01
FFFBFFFE030406FD
03FC0200020008FF
FBFD02FC0501FFFF
05FD02FE040007FF
0303FCFC0103FAFC
01FFFDFFFDFEFDFE
FE01FEFD02FCFEFD
FEF90102FCFBFDFE
03FBFFFCFFFCFCFF
03FD03FE03FD01FC
0200FDFC03FC04FC
0105030302FBFFFE
030303FB04FEF6FF
04F7010200FF0201
FA000301FEFF05FD
03FFFE02FD03FA03
0100FFFE00FFFC02
FBFDFF02FD010503
FEFEFFFBFAFC0203
FEFD00000102FFFF
0502FDFCFE030602
0300FFFC00FF0AFF
040401FEF9FC0900
0301FCFEFE0401FE
04FEFCFC01FD05FF
01F9FCFCFA03FDFF
02F90303FB02F902
0206000300020002
07FD01FF05FD0201
06FE0001FC020500
05F8FFFEFC02FC02
02FE0202FC000600
01FF00FF050205FF
0AFFFE00FCFCFBFD
02F9FCFFFDFFF900
FB030101FFFB0401
FD0501FEFDFBFD02
07F70101FB01FCFD
01F7FDFCFFFDFC03
01FFFF01FEFF0004
FD0703000203FCFE
FFFFFE010402F7FE
FA03FE010304FD01
FB01FD0000FE00FC
FB01FDFD00FCFEFD
FDFCFD0404030003
00FCFFFEFEFF0203
020401FE02FC0203
02FF020100FE03FE
FE01FDFD01FF01FF
00FEFE0302FD03FE
08F800000004FE02
01FD04FFFDFEFF03
FA0702FF0402F9FB
FC00FFFD0500FFFF
020002FC02FFFF01
FEFEFCFFFF03F9FC
01F702FE0101FFFC
FFFE01FFFCFDFF03
FB0702000403FA01
00FF00FC0001FCFF
02FBFE0001FF0303
FFFEFEFFFBFE01FE
F905FEFBFF01FA01
00FF00FEFEFF0301
FC020101FBFD05FF
FE05FC01FFFD00FE
FFFF000300FF04FD
03FE0300F90302FE
01FEFEFEFA020602
020101FEF9FB0601
06FEFC01FDFE0403
09FAFDFEF9FE0301
07FA0204FFFF0000
FD0003010302FD00
0700FE01FF0207FD
05FFFE00FEFE0500
0200FBFE02FFFE01
FE04FD03FEFFF803
FF060402FDFD06FD
04020002020101FF
0205FEFEFDFDF2FC
FAFF03FFFB01F102
0101030400FC04FD
FF06FEFC03020502
070102FE01FF03FF
06F9FCFD0102FB03
FEFE030100FE0300
FE02020202020003
0101FEFF050001FD
FEFDFEFCFCFEFF01
FD04030104FFFCFC
03FB020204010003
00F90102FF0307FE
FCFCFCFCFDFEFBFC
FC0502FD0602FD03
00FF01FE0000FE00
FD0302FEFB0307FE
FB0003FE05FDFD04
04FAFF00FD02F901
01000005FFFFFFFE
FE01FCFDFFFC00FC
020601FD01FFFD02
06FF01FDFB0106FE
FD04FEFD00000100
FDFFFF020202FC03
03FC01FEF802FDFF
F90AFE02FDFCFCFC
0401FDFC0002F901
03F2030000FC0503
05F9FD00FFFF0100
0402FFFE0300FB02
050101FEFC02FE02
0BF8FE00FC020100
02F9FFFCFE02FA01
0002FDFC00FCF903
01FEFCFD020107FF
FF07FDFC02FE03FD
00FB0203FBFDFFFF
0001FEFF0001FF02
F60A01FD04FC02FD
01FC03FEFEFD06FF
02F8FD00FCFC0000
F903020300040601
FF04FEFD0200FBFD
02FD0202FAFEFC02
04F9FCFCF7FCFAFC
FD030202FE0202FE
0106FEFCFC030700
FFFE010104FD02FC
02FBFEFEF80402FD
FE06FCFC01FD0202
010100010001FB01
FD00FF00FEFFFDFE
070003FCFBFC0103
03FC0301FF02FEFE
FEFDFE0301FE0000
05F3FF0100FE0002
FFFDFDFDFDFE0200
FE06FEFF00040400
FDFF00FC02FF02FD
09FC00FCFFFF0AFE
09F40400FF00FF01
01FAFC010102FFFF
0102FD030002FE00
FDFCFD00F9FD01FD
FBF6FE03FF00FDFC
FBFEFF03FDFFF900
FA04FB02FD0304FE
01FC010401FB0401
FFFFFD01FDFE06FE
FD06FDFCFF02FE01
FA0200FE02FEFF03
FD0403FB05FC0001
FF01FEFB03FEFCFD
F90202030401FB02
02FEFDFC02FE0200
050001FDFFFC0401
0901FEFFFFFD0502
FE0500030201FF01
06FD01FFFDFE0AFF
FE030101FC02FF01
0304FC0200010402
08FC0300FEFF00FE
FBFC00FF0204FCFD
0101FCFB0303FF03
0003FEFF05FFFF01
05FC0302FE01FCFD
07F801FFFCFDFDFD
04FCFE04FE01FDFD
0303030000FBF800
04FE020304FEFF02
07FEFD0003FEFCFF
0100FDFEFD03FFFF
03030302FBFEF9FD
FC0500FD04FFFF01
FB02020003FEFF00
FC09FC0001FEF002
0302FC0102FEF5FD
FE07FC03FEFFFC02
0302FEFD02010701
0607FC01FEFFFAFE
0000FF020300F8FE
000800FFFE01FF02
FC02FF020503F9FB
FCFD02FEFAFC02FF
00FE03FB0101F703
FF00FDFD0302FB03
030102FD00FE0001
07F4FFFFFDFDFF00
05F603FFFC0101FC
0202FD02FEFFFB00
0101FEFD0000FE03
08F70403FBFD06FF
02F601FEFFFE03FF
FA04FD020001F902
FA07FD0201FB02FE
02FF0103FF0303FC
FCFFFDFCF9030200
02FF02FFFE00FFFD
FCFAFCFCFFFD0001
FFFAFFFFFCFFFF03
02FB0000FCFFFB01
F70501FFFF02FBFF
0102FDFF00FEFF00
05FFFB00FDFC0300
FD02FF0100FDFB02
03FC030200FDFF00
03F702FC02FE03FC
0505FD02000207FD
04FAFF03FCFDFF01
01FD03FC0001FF02
FDFA00FFFE02FFFE
01FB01020002FDFC
FC060102FF0001FF
FE0401FFFCFD01FC
070102FE00FFFA00
09FF0203FAFDFCFF
01FBFD01FFFEF900
000203FC04FCFBFF
010203FB010201FB
0202FF02000004FC
0CFA010000FFFFFD
FD04000201FFFCFD
F70702FC0100FAFE
0008FF010200F5FF
0102FFFD0200F3FD
F70C04FB0300F902
FF0600FB00FCFDFF
020302FFFF02FC01
FCFE03010303F8FE
FA0703FD0103FC02
F606FDFF010204FC
FD0803000500FDFC
FB08FEFE01FEFEFF
FC0AFE0003020401
FF00FC0300FF05FD
FD0200FE01030002
FD04FDFE0300FD03
0AF7FC0300FE0E04
04FD00FE010100FD
00F801FFFCFF05FD
07FBFFFE00FE07FE
05FC0204FCFF06FD
00FFFDFEFEFDFB00
FDFC00FB04FDFF02
0305FD0201FEFCFF
07FCFB030502FCFF
FA0B0301000002FE
FEF904FDFAFF0703
FDFD0302FC020103
FD06FE0103FFFF02
FF04FC0300FF07FC
07F802FF00010C01
09F80200F8FD0301
0303FF0001FC01FF
04FCFC0103FD0300
FFFC00FDFAFC09FF
FEFCFB02FF010504
01030000FCFF01FD
0201020406FFFEFD
0003FCFCFE0003FC
05FC0101030000FF
020101FFFFFEFB00
05FD0100FC020603
06FAFFFB0001FE04
03FAFFFDFB02F900
02FBFE0200FCF903
0303010001020503
07F6FC02FB01FFFC
02FBFD04FF0105FD
0502FFFDFF020201
FA02FEFC04040201
05FFFD00FBFFFE00
FC03FC020101FAFC
000600010400FDFF
01FFFDFF0101FDFC
08FD00FAF802FDFB
FEFF0300FDFC0103
0100FE010202FC02
FE010300000001FD
FBFCFF02FD030AFF
04FD01FEFBFF0602
F901FB0302FC0A03
04FDFEFE00FFFBFD
08FF0203FCFD0AFB
FDFB04FDFE010001
FE02FCFE01FDFEFF
FB080103FFFFFE02
050203FCFBFD03FC
FEFD01FCFCFDFCFD
FD060000030203FD
FA0A020001000102
FEFDFD01FFFC00FF
02FCFD0102FC0102
FAFDFF03020007FF
F80803FEFDFD03FD
FFFF0302FDFFFF00
FFF9FF01FB0201FF
F807FEFDFE02FE03
020101010201FE00
08F7FEFBFE0003FC
03FC0201FDFE03FC
020300FFFDFCFC01
0004FF02FF0005FF
050103FDFBFCFEFD
03F7FBFEFD02FFFB
FFFEFD01FCFE0000
0002030100FDFEFE
FE03FDFF01FEFCFF
FE03FDFCFF0201FF
FEFFFE0002FFFD04
FD09030203FFFC01
FE0400FF00010202
F80AFFFEFB0002FE
F909FEFE0503FD00
FB07FE0201FE0000
F80904FF0603FEFC
FB0B03000602FBFE
FD04020300FE0000
03FCFCFDFEFC02FD
FA050400FF0001FC
FDFFFDFC04020401
04FF0000FFFE08FE
01FDFD0102FF0201
FDFDFF020303FA00
F505FF00FFFC0201
FB03030101FF05FD
00000200FDFEFD00
FC0401FF02FDFC02
FCFFFF00FEFCF9FE
0103FEFD0502FFFC
FEFF00FE01040202
06FBFF03FC0005FD
01FA01FCFC010503
030103FFFD02FCFC
FF00000103FEFEFE
01F9FFFDF50107FD
05FDFBFBFAFD0102
FFFFFFFD01FD0401
03FE03FF03020403
01FC03FEFD000302
00FEFF04FEFC0901
FF03010000030400
0102010101FDFE01
FF07FDFD0301FBFF
FA03FDFCFD010002
FBFF02FD00FCFB00
FF0402FF00FFF9FF
FB0601020503FE01
02FD03FDFBFDFFFE
FD06FFFD01FCF8FF
09FBFE02FBFE04FD
F805FC00FCFFFFFE
0105FDFBFFFC0502
0401FEFD03FDFFFC
06F70300FE0105FC
FA01FB00FF0102FC
FEFC0101FCFD05FF
01FB01FDFBFE07FB
FE0301FEFE010001
0BFAFFFEFDFDFDFE
03F5FF02F9FCF604
0107000401010204
FF050003010206FF
07F8FDFCFE0003FE
02F8FD02F70004FF
04FF0203020100FF
FF06FCFB01FD08FE
01FC01FDFE00FB00
FEFBFD00F900F9FC
FC0602FD0300FFFD
FE06020201FCFBFE
02F903FCFD03FEFD
0CF002FFF90201FD
0100FCFCFD00F8FD
02FDFEFC000204FD
FFFBFCFE01010003
03FAFD00FEFEF6FF
080300FCFBFE01FC
0002FFFE03FE0201
04FBFDFE02010001
0700FF03FEFDF5FD
FC06020102FD0301
000003FFFD020103
000001FFFF01F4FD
0A0100010400F3FC
FE02FE03FB000400
FD01FE0202FDFF01
FFFFFE0205FFFE03
0306040203FFFDFD
FF02FDFE04FFF901
02010201FFFFFFFF
FFFF03FFFE00FFFD
FD06FDFEFFFBFCFF
F60902FCFD03FFFF
01FFFFFF01010102
01030002FBFF08FF
06FA050200FB0501
0105FEFB030000FE
FB0602FEFE00FD03
FE0600FDFF00FF04
F80CFEFDFF02FFFD
00FC01FCFBFCFDFD
02F9FF00FC00FD02
FDFCFE02FEFDFC00
01FC0003FD000501
07FAFF0200010000
02FFFE0200FE0002
0AFD03FE060202FE
FC05030300FEF904
07F8FE02FCFBFD02
0003FF000101FBFF
0407FFFEFCFDF902
03040003FE03F9FE
FC00FDFFFF03FCFE
F60AFCFFFFFDFDFB
FC0901FD01FCF403
F30E000201FDF5FE
FB08FE000800FEFE
010300FEFC00F9FD
0101FD02FFFCF8FC
05FCFF0201FDFCFE
000400000402F900
020000FF0402F800
0300FD0102FB0102
FC08FE03FEFFFE03
0202FE030204FD01
FA02FF00FF00F9FF
FC080401FE01FFFC
F808FEFD0103F5FF
FD0CFE03FD02FCFF
000602FC00FE0101
FC08FD020203FDFD
FF0B020302FB0002
01FFFDFDFFFCFD03
0400FF0102FF03FE
000103FC030200FC
FC0400FC02FC02FF
02FEFCFD00FB0604
0601FCFEFF030002
0AF7FEFFFC00FF01
FFFEFCFFFB01FBFE
FC0602FE040201FC
0005FE010003FFFD
0BFBFEFEF8FF0500
09F5FE03F8FEFB04
FB0703FFFDFC07FE
00FDFD00040003FE
0800FE020001F6FC
00FD0302FD02FDFD
FC0101FC01FF01FD
01FF03FCFFFEFC03
07F703040102FDFF
04FCFCFFFD03F800
FE00FEFF0202FFFF
09FF03FE00FFFFFE
05FCFE03FCFDF902
05010100FAFFF603
020202FDFDFEFC01
FE09FE020403F703
FF030002FBFDFBFC
020602FCFB00FD01
FE0AFFFD0500FCFE
F906FFFFFFFFF903
FA0AFE000402FAFD
0006FF00FFFDF803
F70D02FC0201FDFD
FB0000FEFBFDFFFB
05FEFE01FB030103
07FDFCFFFE02FBFE
0106FCFEFFFF09FD
FD06000008FDFE02
0103FDFEFF01FD00
FD02FFFFFC00FC00
FB08030301FDFA00
FB07FF00FC01FC02
04FDFD01FE000701
FE0204FF010304FC
FF0BFF00FDFDFC02
FD04010100010200
01FFFCFDFC030801
FC010404FD000100
000004FFFD020103
02FE010304FF02FB
FD0602FBFDFD00FE
FA03FBFE0302FB00
04FC04FFFFFFFF04
0003000200FD0A01
FA04FC01FAFB0402
02FC0200000300FF
F906030003040101
FE01FFFD03FEFF02
0BF8FD03FEFD0804
FFFC020200FFFFFC
01010302010101FE
07FD000000FC07FD
02FA0001FD0209FF
000101FC000003FD
FF01FE02FF0205FE
00FC030006010003
FEFEFEFE0503FBFF
0303FDFF00FFFDFF
02FDFD0005FDFBFD
0001FB02FD01FEFE
00FB010102FD01FD
02F8FF00FDFCFFFE
FF05FF0203FE0001
FD00FE01FF0300FE
040403FEF9010903
09F9FEFCFAFE0202
02FF0002FD01FF03
0001FC0203030000
05FB0200FB01FDFD
02FFFFFE01FCFC03
FB000300FBFDF8FE
FFFDFFFC01010200
02FDFD03FDFE0101
01F60302FF02FEFE
00FFFE01FBFDF700
FC07FF00000003FD
FFF70200FFFF0B00
FEFC03FEFE020201
F90003FDFB010000
03FAFEFEFCFE04FB
08FC01FDFCFD0901
0CF70002FAFF04FF
010102FC0101FBFD
060302FC010405FD
FFFE02FDFBFE0300
00FFFDFEFA01FE02
FA0503FF01000403
0002FDFE02FFFD00
01FAFDFD00FEFAFE
F80202FEFF03F900
FEFE01FD06FFFEFF
F90602FEFDFF02FF
FD04FDFF01FEFEFE
FC0901FEFE030103
F707FF020100FFFE
FF06FEFDFF010201
020601FD01FF06FE
FE06FF0002FDFFFE
F706030106FD00FC
04F9FC02FF0205FD
0001030004FFFF01
03FCFF02030201FD
0401FD03FD0103FF
FDFBFE030402FCFB
FD04FFFD05FBFC01
FC06FDFD0503FE00
00FCFF02010102FF
F803FD02010304FC
FB03FFFD03000502
FC0B02FFFF0104FE
FB04FD01FD010301
FA09FF010503FE01
FC07FE030302FF03
000800FEFD03FF00
FF0AFF030600FD00
00FFFDFD00FF0203
0102FDFF0103FFFC
0005FEFD020208FC
FD00FF02FEFCFD00
FEFDFCFCFE0100FC
0002010106030001
05FF02FDFEFC05FE
FCFCFEFBFEFDFDFE
03F9FDFD01FFFBFE
05FFFCFEFF01FF00
FD03FD0301FCFA01
03FAFFFE0301FEFD
000001FF01FDFAFC
05050301FDFDFAFD
FC0202FCFA01F900
0007030004FFF5FD
FF01FFFCFE01F9FF
FD09020100FDFC00
FB09010300FFFA03
FD0BFEFC0400FAFD
FA0402FF0100FF00
03FFFCFDFBFDFB02
FBFF0303FEFDFAFD
FC0700FB0403FE03
FA0702FF05FEFD01
0302FDFE0103FA02
FC08FEFEFFFDFB00
02FDFDFFFD01F900
02FCFE01FF0102FD
02FBFCFD02FC0203
0202FF04FBFD09FC
0000FFFFFEFBFF02
FDFC02FE020200FF
06F703FDFB030200
0101000400FE04FF
03F801FD00020700
FFFDFCFEFDFBFDFF
FDFEFEFFFDFDFC01
04FD05FDFF01FF02
FC05FF01FDFEFDFE
FD050002FDFF05FF
0702FFFEFEFD0202
F80300FCFDFC03FC
F80BFD030101FE03
0303FE03FEFD0602
FB0C000005FD02FD
F80BFDFC0002FFFC
F90A03FF04FF0001
FB02020007FE06FF
05FF00FEFFFF0101
FF07FDFE01FF0203
FEFF02FE02FCF9FF
030203FEFC02FD03
0202FF0100FDFD03
00FFFCFC0404FBFE
FDFB00FD0001FD02
FAFF00FDFC02FD01
FCFFFCFEFFFFF4FF
FD01030301FCF802
F80302FE00FFFDFD
FC0003FC06FF03FC
04FDFDFFFE000202
02FA00FEFF0100FC
FF010102FE0102FD
FCFAFDFE00030200
09FB02FBFF0307FE
02FF0200FEFDFE02
07F4FE03FCFD0700
FEFCFCFF00FD02FF
FD0101010402FD01
FDFB02FFFD01FB00
03FCFD020003FA02
0207FFFFFF02FE03
01FFFD00FBFCFDFF
04FFFEFE02FE00FD
F908010302010900
FD0702FF0001FD02
FF0400FC04FFFB01
F80C03020202FAFE
02030301FCFF0503
050803FFFFFC0300
00F9FEFFFC00FEFE
FCFFFE01FF040401
0002FFFD04FF0E04
FC03FE0202FDFE00
FEFCFC000100F8FE
03F901FDFCFEFC01
F903000302FE0001
FC0501020203FD03
FD0AFFFFFF01FBFF
FB08FD0303000201
F901FFFE0203FEFD
FEFAFD0001FC03FD
01FE0000FFFE0402
FD01FCFFFC010600
020102FE040000FD
0101FC02FD0203FD
FEFC020102FD04FE
020002FFFF0105FD
04FAFEFD04FE0301
09FA0202FDFC05FD
FE01FEFF0400FCFD
000502020703F9FD
0300FFFFFE000402
FCFE02FC0603FEFF
0300FF0302FEF903
FD02030204FDFAFD
FB04FEFFFFFCF703
05F90104000204FD
08FFFD01FEFE0802
02FEFF01FE020AFF
02FFFD01FBFF0101
06F7FEFFFF020A03
08F8010001FE0804
01FEFC0100000701
05FDFE00000006FC
FEFFFF00010200FC
01FCFB02FE0301FE
FEFF0102FD02FE01
0202FFFEFD030101
FEF8FF00FDFFFA02
00FBFD04FF00F801
FBFEFFFD0104FB00
FD0102FF00FEFBFD
00FC01FB03FE02FD
08F601FDFC000703
09F703FFFEFF0602
FFFF01FDFFFF02FF
07FCFFFC03000402
04F9FCFDFFFD06FE
04FBFE00FFFE0502
05FD00FEF8010504
0001FDFEFCFFFFFD
FEFCFC04FEFDFBFF
FA0002FD01FB0102
07F802FD000303FD
FB08000200FB0403
FD07FDFCFFFEFF01
FF030100FE02FCFB
F805FE020202FFFC
0402000100FF0001
FD04010300FE0402
0106FCFEFD0002FE
00FE0202FEFC0502
03F7FE02FFFE06FD
00F7FEFFFD020900
03F8FEFC04030904
0BF4FCFE01FF0600
F80300FB0301FCFE
FFFFFFFD0302FCFC
FC00FCFE0200FF01
03FF04FFFF02FEFD
FD05FCFEFE000602
0006FE0304FC03FE
FE02FD02FC00FEFD
02040400FC0208FF
F90801FE01FE0201
FA07FCFEFDFFFE01
F812FCFE04FCFCFD
FEFE0301FBFE0501
FF0504FEFEFE00FD
F60003FDFF030001
FC07FCFC02FDFDFE
FA04FF02FD000600
FFFE02FE03FEFEFC
F809010205FDFB02
000000010003FA01
FCFB010202FE03FD
01FC02FF00030601
FF0303FE02FDFEFE
020000FCFB01FA01
08FB03020300FFFD
040300010002FFFF
0800FD00FAFEFAFD
05F4FDFDFE00F701
010302FEFFFD03FD
0206FCFD02010102
FB04FFFD0604F401
FB02FC010000F4FC
FC09FCFF01FBFF03
FF08FCFFFF00FAFC
04FAFB02FE030002
08FBFF01F900F6FE
03FFFE0004FD0101
FAFBFEFCFDFEFD03
03FC02FCF9020904
04F804FEFB03FDFF
000502FB03FFFFFD
FFFF01FC01FDFFFF
07F50202FC010903
FFFBFDFEFDFC0500
FA0501FC0003F9FD
0000FEFEFCFC0402
FF01FF03FCFD0401
FEF7FCFEFC01FFFC
FBFE0201FFFFFD00
03FF0003FFFD0001
03030200FAFF00FF
07FF01FFFDFD09FC
FDFDFF01FFFC0500
0500FE0001FF07FF
05F9FFFCF8FB0400
02F9FFFFF9FD02FE
0002FD010403FCFE
FE0602FC0102FB02
06F60200FC000404
FDFDFFFEF7000201
FB04040003FBFF01
FD020203FDFF0001
02000104FD020601
02FFFEFDF9FC0300
08FE0302FC0103FF
02FB03FEFC0200FB
06FD0101FA0104FF
04F90102FA010A01
FDFFFCFEFDFD0201
FD06FC02FF020703
FB0600FF03FFFFFC
F80704FD01FB0301
F709FC0003FF05FF
FF03FEFE01FC0AFF
FF02FE0004FF05FD
05000201FF030602
FB07020304FC01FD
FEFE02FCFEFD0401
00FB010300000501
06FF01030200FFFC
04FBFF03010102FF
F700FDFD0402FB02
00FF0104FFFFFCFB
FD040300040401FE
0700FFFC01FEFCFC
00000301FBFEFCFC
01FC0303FFFB03FE
0100FD000102FDFD
000501FDFDFDF9FF
FC0100FDFEFD00FF
FFFBFBFEFFFC07FD
01F701FFFF030300
FEFFFD01FC03FFFF
FFFCFD03000105FE
00FBFFFCFDFF0800
FCFF03FDF80108FD
F80000FDFD0200FC
FDFCFF0203FD0500
FC0200FC00020A02
FD04FEFCF9FD0101
040502FE020202FD
0501FDFB030301FD
0402FDFE02FDFCFD
05FB0300FFFDFCFF
0000FE02FA0201FC
FF0300FDFE01FD03
04FB0200FD010403
06010103FC00FE02
FF0101000102F6FF
0006FF000201FBFF
08FDFEFF0103FC02
0002FD0003FDFE00
0109020205FEFAFC
FD02FCFEFDFE04FE
02FEFF0100FD0004
00FD02FDFE020300
FEFDFC01FC020201
020402020002F9FD
0101FFFE0302F7FC
FA00FCFEFEFEFF01
FCFE010304FEF7FD
FE0402FFFD04FB00
00FBFD02FCFE0202
FFFFFC00FF010401
FF0403020302F901
FE04FD0100FEFDFE
FDFDFFFD00030502
FDFE03FD00FE0503
FC01000100FCFBFF
0301FE03FD02FF03
FD04FCFDFF02FE02
FF02FDFCFFFF0000
FF03FD020103FF02
0108FEFDFDFD05FF
02FEFD0303FDFE01
0205FD04FDFCFBFE
FD06FD02FF0302FD
02040402FEFD04FF
FF0403FE0103FB01
FE0002FE01000001
020501FF01FF0501
0106FCFFFDFF04FC
FE0202FEFD03FA00
F80102FEFEFFFC02
05FBFCFE01FB0902
FC03FEFCFFFD0000
0BFA00FDFF00FEFE
00FEFFFF0502FB00
FC0202FDFE0204FE
FD0E020202FFFDFE
00FA03FEFD00FBFE
03FB03FE0203FCFF
FD04FDFE03000901
0005FBFF00FEFCFC
010402FF0500FDFC
01010002020102FC
0503FE0204FE0503
FE0B02FCFF00F801
01FA00FBFEFFF7FE
F9050000FFFFFBFE
FD03FCFDFF0001FD
FD030202FDFDFE01
0BF402010201FDFE
09F5FDFD000300FE
FA0301FC06FE01FC
FA03FC03FCFD01FC
05F600FFFD01FB00
08F40101FDFFFA01
FB0201FEFB0102FF
06FFFDFE02FF0503
09FEFE00F8FC0601
09F603FDF90204FF
06FAFC02FE0401FE
FD0101FF020102FD
04FD03FFF9FD05FC
02FF01FCFB020102
02030202010302FE
02FEFE02FF00FFFF
FDF90200FB0002FE
05FD02FCF70305FE
0000000200FDFDFD
FFFFFD020501FA02
0403FF01FD03FDFE
FF01FFFFFDFEFC04
FC03000403FFF3FD
F900FDFDFF03F901
0202FD010301FFFE
FE05030304FE0603
F707FD010100F301
FD0401FE0400FCFD
030804FE01FCFF03
FDFFFE02FCFF03FD
0201FDFF0004F5FF
FDFE01FE01FC00FD
020202FCFEFEFBFE
FB0302FB03FC0301
00F9FD02FF0100FE
FFFFFFC6FFFFFFE3
000000280000000A
0000000E00000010
FFFFFFFE00000059
01FF030103030305
0002FEFBFD010000
0202FC0102FCFC02
FF04FFFEFCFE040A
FE01FEF901FF00FF
FDFEFFF802FCFD02
0202FFF701FFFCFD
010202FBFE00FE04
000101FD00FA01FB
01FF00FDFFFA0302
FE0202FFFEFFFB02
FC05040303060100
FC02020703010104
03010001FEFFFC02
0001FFFE0002FD04
FB010200FF000403
0102FC01040001FE
03FCFF05FE0200FB
02FBFF03FFFFFFFC
FC030003FE040501
02FB0301FBFD02FE
FEFE030102020101
FD00FB030401FB05
01FBFD0804060103
FEFE02FE02000301
0102FDFA04FBFD04
FD0201FD00020005
FC00FD030002FCFB
0000FB020100FF02
FDFF020002050105
FD02020203010009
00FE0302010500FD
FEFFFC02010102FE
01FEFF03000100F9
FCFCFE020204FD04
FEFFFC060203FD09
03010103FB020302
FDFEFFFEFE03FBF8
02FEFF07FE080405
0200FC07FD0302FC
0101FDFF02FAFDFF
FF03FE080207FCFF
FCFEFDFEFE01FE01
FC01FD02FE0402FF
0302FF05FC0102FD
0200FD03FD060201
02040100FF03FD06
FDFC0201FF04FE02
00FF020102FDFF00
020003FFFCFDFFF9
02FFFDF9FFFCFFFD
FDFD0400FD00FEFE
FF030201FDF9FF04
FC00FFFC03F8FEFE
FCFD01FEFFF700FC
FE02FDFF00FBFDFC
03FEFF06FF000305
FE00010500FD020B
FDFFFB06FFFF03FF
FFFF0002FEFB0207
01FF02080000FC07
FE0103FEFB000101
FE02020100FE00FC
FDFE00FE0100FF04
FB0201FB00FBFF00
FF01FFF502FEFD01
0002FDF7FFFCFEFB
FC01FDF8FDF4FEFD
FDFF04FB03FB0306
FDFE04EF02F403F9
FF03FCF8FFF501FE
FC0201FDFEFCFEFC
0000FFFD00FE0202
FEFDFEFEFFFAFDFA
0002FDFE02F701FB
FD030100FEFCFCFA
FF020303FBFFFDFF
03FF01FEFF0001FF
FF00FC0305FBFE01
FE00010100FD0002
00020305FF06FC00
FEFDFD0403FEFDFF
0100FB00FEFD0200
FDFDFC05020A00F6
FEFDFB04FCFBFB04
FD00FD00FEFE0001
FEFDFD0201030202
02FF0004FEFF03FC
00020203FDFAFBFC
02FD04FCFD0303FD
FB01FCFC01FDFDFE
FEFB0105FD07FDFD
0303FF01FFFD0107
00FF0405FD020309
FD00FD0002050204
FFFFFF0001050104
0101FE05FB04FEFD
03FB0004FEFE01FD
FDFCFE010301FDF3
FC02FF01FF0400FD
FCFDFEFD02FFFF02
00FE00FF01FCFFFD
FFFCFCFFFFFDFEFD
01FBFE0304FD0003
FDFFFE0201FAFD01
FDFE02FEFB07FDFF
03FF0003FEFDFD04
FFFCFF00FB020200
0002030304FDFE07
01FEFC0401070100
03FCFD0300FE0003
FF01FC0101FE01FD
FCFD00FFFC030200
FE02FE07FD00FE07
FEFEFB0402FEFC00
000200000205FDFC
01FD00000002FBFF
FBFC00060303FE01
00FCFC0602050009
0000FD0301000200
FDFEFF010307FF02
03FF0202FF030102
00FEFD00FC000002
00030307FF010200
FDFFFD050301FDFE
FF000201FCFEFE05
FE03FE05FD02FB09
0100FEFF0002FFFE
FEFE00FBFB02FE03
01FC01FD03000305
03FBFCFC05000105
FF00FDFB0101FF05
030200FFFFFBFC05
FE00FDF4FEFCFCFD
FEFEFFFB03FBFE03
FEFDFFF804FFFF01
01FF04FAFEFA01FE
020301F600FB00FE
FFFDFEF903F702FB
01FE01FC04F7FF01
0203FE00FD01FE04
FC01FCFA0000FF00
FF00FCFB01FEFF00
0202FDFC03FDFB02
01FFFB04FC0501F8
020002FF03F601F6
0101FFFC01FCFCF4
000300020304FC02
FF010103FD05FEFB
FD00FD0001F401FB
02FD00FE000100FD
00FEFEFDFF0302FB
FFFC0004010403FF
00FF00F7FDF7FCFE
FDFFFEFFFEFBFDF9
0200FFFCFFFC01FD
0100FDFF02FDFF00
FF020200FEF7FE01
0300020504F900FE
0304FCF701FDFEFC
03FCFD04FBFE0002
FFFBFE0300FE0209
01FC0003FE0301FE
00FDFF06FEFBFD00
02FF0101FD070303
010001FD02FFFC04
FC01FE010105FB05
02FDFE050002FD01
01FDFC02FE00FC03
00FEFC020001FC01
FCFDFE000301FDFD
01FE0105FE04FFFF
0004FDFF0203FEFC
FFFEFCFFFC020206
FEFD00FE01010103
FCFCFE03FC000300
000302FDFEFEFC04
00FCFDFBFDFC0000
FFFE02FB0000FE00
030202FD0101020A
FE00FDFC00FC0108
01FFFFFCFDFB0200
03FCFFF301F5FE02
00FDFBFFFEFB0103
FD0003FE03F80004
FDFD02FFFDF90301
0200FEFBFEFDFBFF
01FF00FDFEF703FC
FC00FDFA020100FE
FD0302FEFDF903FE
FF0003000303FCFE
03FF01FBFF0102FF
FEFDFC03FEFD03FA
0102030003FE02F2
FDFDFF03FDFF02F2
FC000003FD01FBF9
0301FB0302FD00FB
FF03030204F7FF02
FD010004FEFFFCFE
0002FB02030601FB
FFFD010401000104
01FC00FEFE04FF03
FF010002FF00FFFE
00FF040002FBFE02
FF03FD0200FAFE04
FF0001080001FEFD
FDFB0206FB0D0300
01FD04FFFEFD0302
FDFC03FDFDF8FD0B
0001FEFAFE02FE07
FFFC00F5FEF9FD08
FD0003FDFEFC0002
FD02FEFC00010204
00FC01F503F9FCFD
01FF03F9FFFEFD04
FEFEFDFA0202FC0B
02FEFFFC0300FDFD
02FFFFF701FD0001
FD030201FCFD0001
01FDFF0400FEFF02
FDFE0105FD080307
FFFE01FCFCFB0303
FCFCFE02FEFEFF05
FFFD00FF0004FF05
0003FFFE02010004
FE03FFF9FCFE0201
FC03FBF9FFFB0204
FDFFFEFCFEFE00FF
FD00FFFB0006FC08
FEFE02F901FB00FB
FCFD01F603F5FFFE
FDFCFFFB00F90004
030003070102FE01
FEFE02F702F7FF01
FF0201F8FBF6FFFA
FD00FF0304F9FCFE
010201FDFE04FC01
FE02FDFEFFF7FF06
FD0201FBFCFD0200
FDFE010001FFFE00
FF02FE020107FEFF
02FE02F5FFF8FCFB
020002F903FAFBF5
FF03FEFDFEFA00FA
0302FFFAFD0801FC
0202FCFDFFF6FDF6
020201F5FFF201FD
02FEFCFEFDF9FD00
FFFC01FF0103FDFE
FF030200FFFEFCFD
01FDFEF9FDF403FD
FF01FF02FEFCFCFF
FE00FC02FCFF0100
FDFEFD00FEFA0301
02FF02FE0002FDFE
0200FB0100FE00FA
01FC02FDFFFEFC01
FD0000FFFC01FFFD
FFFDFBF5FEFCFEFC
03FF02FDFDFFFDFF
FDFF03FFFFFFFD03
FFFB02F600F500F8
03FE02FAFEF900FC
000003F601FCFEFB
FF02FFFC030201FD
0300FEF5FDF404F7
03FDFCF7FEFAFDFF
0300FF02FDFFFDFE
FCFEFFFEFD000302
FE0000F80002FC01
03FF01FF00F8FFFC
0104010001FF0101
FFFF0000FD06FE03
FFFDFC030104FE02
02FF0208FDFF0105
FE010003FE00FF05
0300FEFCFD03FF01
FE02020301FFFF06
FD00FFFD03FC01FD
01FFFE00FD00FEFF
FEFDFCFDFBFC01FF
03FCFCFEFF02FFFF
00000006FE05FC00
FC03FE06FE060100
00FD010102FE0104
FDFEFCFC01FF0300
FD0404FDFDFDFD07
FFFB04FEFD080001
03FCFFFEFDF902F9
FDFCFF00FCFFFBFC
FDFC01F800FAFF00
FDFBFF02FE02FCFA
03FF02FF00FA0301
0100FFFE04FEFC01
FEFBFCFBFDFD0101
FFFD0003FCFD0200
FC00030302FE0102
FDFF000AFB0103FE
0002010600FF02FE
FDFEFE0504FCFD04
0300000100FF0202
00020203FD020100
02FC0005FF04FF05
03FE03F8FFFBFE04
02FCFEFF01080205
FC01FDFC00FBFE03
000003F903FCFF01
02FDFCFD0202FE05
00FDFDFBFC06FC07
FC03FBF9FDFB0204
02FDFEED00F6FCFD
0202FEF803FA0306
FEFC01FF02FC0304
FE00FEF7FFF6FEFE
00FE01F300F0FDFD
02FC03020200FC01
FC0303FD0002FD01
01FCFF02020003FC
FEFC01FE03FBFEFB
FD03FDFF03FCFEFE
01FB00FEFB000302
03010300FF0003FF
FFFFFCFF00FB01FF
FDFC00FCFBF90104
FC0301FF0102FC03
FEFFFCF601F8FCF6
FE0001FDFE01FD04
FD02FCFAFEF70201
04FE000201FE03FD
FF0103F7FDF9FF05
FE03FCFA0301FCFB
00FEFE0203F80003
0004FDFE0003FE02
FEFB00FEFD030303
01FF0001FE020104
FF03FD02FD05FD08
FFFF0302FFF600FB
FCFCFEF700F502F8
FCFD02F600F8FCF6
FE02FFFC02FB0102
FCFBFEFEFDFA0201
FC0100FEFEF8FF05
FCFEFCF2FDF9FD00
0000FEFAFFFEFC05
0202020103030105
FCFE03F8FEF50204
00FBFCFC02FAFCFD
020004FFFEFBFEFE
03FD02FFFFFFFB02
FD02FEFAFEFEFF03
02FB030000FAFD01
03FC00FBFEF60004
FC03FCFFFC04FE03
02FF0305FE060200
03010005FF030102
01040201FEFE0103
FFFC0207FC00FD00
FEFD01FD01FDFB00
FD030302FEFE0106
FEFD0204FC0102FB
0003FF0605040200
FE010206FD04FCFA
01010201030000FE
FC01FD0203020000
FD0001FD02FFFE01
FCFD0403FC01FD00
00FD010703010104
FF030201FEFEFF03
02030105FBFFFFFE
FD01FEF7FBFBFCF7
000301F902F9FFFA
01FEFE00030402FC
0003FD02FD060304
020102FCFDFEFCF9
FCFFFCF903F7FCFA
02FFFDFD03FEFDFE
FE0101FBFDFFFE05
00FE04FBFFF8FCFE
03FD01FE01FE03FC
FF01FDFC010000FF
FD0301FFFB0AFE01
03FFFEF7FFF800FF
0202000200030201
02FC02040202FD03
0101FDFD00FAFE01
FCFC00F9FCF9FDF5
FEFC02F304F7FDF4
010201FAFDFDFE00
FFFDFCFD02F6FFFE
00FFFDF202F603FA
FFFD00F103EFFBF8
FE040005FDFEFDFF
FDFEFE0001FAFD05
FD0303FFFFF7FDFD
01FFFD02FCF700FC
FC02030200FEFC00
FDFE0000FC03FF04
FFFE0303000200FC
FF02FD05FFFC0004
FFFF00FF010203FE
0002FCFF01F60101
01FDFCF502F402FA
00FC03F7FBFF02F6
0301FCFFFDF6FEF9
FE010103FE01FC02
FEFC02F7FCF303FA
FEFFFCF403F4FEFB
020100FAFFF401F7
03FCFCFFFFFAFB02
000202FBFDF202FD
FFFF00FC05FCFE00
02FD01FA01F90306
FCFDFF01FF01FC09
01FF000500FB02FE
03FE00FEFCF303FD
03FF00FFFCFA00FA
FCFBFBF8FDFD02FC
02FFFDFBFFF4FBF8
02FF02F701F802FA
FDFFFDFA02FDFCFE
010100FDFDFCFDF9
FCFC03FBFCF5FDFC
0401FEF802F701F9
0302FFFCFC00FEFE
03FE00FE01000200
FDFEFCF303F4FEFD
FDFCFFFEFFF9FCFC
00FFFDFC02F90200
0101000503080303
FFFEFDFEFF020305
FF020300FD020303
FCFCFF00FB03FF07
03FCFE07FC05FF08
FDFEFD04FFFD0103
FCFEFC07010501FF
01FE010C0307FD04
FE01FFFEFF000302
FE03FDFF0102FC01
03FC0203FD040205
0003FF0503030201
FDFCFC04FDFEFEFF
FC00FF07FE000007
0203FFFEFF04FC06
00FEFDFDFD05FB01
00FEFC0102FEFDF9
000102FA0103FB00
FE0101030305FC0B
01FDFE03FC030205
FCFD0203FE010003
FCFE02020100FF08
FF0001F9FDFF0004
FCFCFEFDFB0300FE
FFFD02FB00000201
FF00FEF503FB0004
01FF01FB03F500FE
FEFF030103000002
000100020002FE02
FE0102F0FCF103FE
FDFFFEF6FEF1FB01
FF0301FEFDF9FEF9
FFFFFC01FF0501FE
01FEFEFA020002FD
FFFDFB0301F8FF03
FF00FE0200FE04FF
00FE04FDFCFFFB05
0102FB02FD040103
0202FDFD0000FF01
0100FF0003F90006
FE02FF03FC03FF06
02FFFC04FD030104
FD0200FFFDFEFFFE
0201FBFC00FCFD04
FCFEFFFEFFFCFC02
0202FE0301020308
FFFEFC00FE00FC02
FEFDFC03FD030102
FEFEFDFB03FF00FD
FF0001FEFFFEFF02
FCFCFCFDFDFCFD03
01FDFC05030700FA
FDFEFB00FE0500F8
0202FDFB00F801F6
FD0203F601F8FCF4
02FB03FE02FF00FB
0102FE02FE05FDFA
FFFDFDFCFEF0FDFE
FC0302F4FDFB01F5
010300FAFF010202
01FCFF0002010002
04FFFEF502F601FD
FE02FEFCFBF2FFF9
01FBFE0800020400
FC030104FF0403FD
FE0100FA02FB0100
0002FDF701F6FFF5
000301F9FFF5FCFA
00FE02030304FCFD
FDFEFE0301FC03FD
FE02FBFFFEFFFDF8
FC04FD040003FFFD
03FD010000FAFEFE
02030102FCFD0200
FC00FCF403FCFEFB
0001FF03FE03FBFC
00FC02FFFEFCFF05
FE01030100FE0007
FE020007FEFDFE02
0000FB00FCFFFE02
030303FEFEFE0003
03FE0207FE05FC07
000302040200FE04
FD0002000205FD04
01FEFE02010102FF
00FE0300FEF90300
0202FEF3FBFE01FB
FEFC040201FB030B
010304FEFE0102FB
FCFE04F6FFFBFCFC
FFFEFBFB00FCFBF5
FE00FDFE0200FD00
FC00FCFF0106FE05
FDFDFFFF01FD0305
FD01FBFDFEFBFE07
FD03FCFEFDFCFC07
0003FCFFFE0001FF
00000305FB04FF03
FFFCFB03FF00FFFC
FD02FEFE0104FEFE
01FF0303FE0201FF
00FBFEFE020002FF
03FFFDFF03FD01FB
FFFC010402FE0300
00FCFC0202FE0301
0103FFFC04FD0102
FDFC00FCFEFEFC00
01FB0301FFF7FF00
FC02020003010306
01FCFE080302FE02
FCFFFF0AFE000107
FDFE030BFF000002
01FFFC07FCFFFD01
FEFCFF08FD030004
FE00FDFD0002FBFF
0302FC00FCFC0203
FFFEFFFC00F402FE
00FFFEFE00FB01FE
FD00FBFB00F6FDFF
FF00030000F70102
FE02FE00FEFB0009
FD02FFFFFEFB0203
03FE02FA03F6FC00
FE04FDFCFFFBFD09
FE010004000202FE
FDFE020102F8FE00
FE01FE00FFF6FF07
FD0202FC03FA04FD
0300FC000301FE06
02FD01FD00FD0202
010002FEFE000204
FC0002F901F8FF04
00030100000202FA
00FE020203FDFDF7
00FDFF01030100F6
03FE01010204FDFD
FCFCFEFBFE010001
FEFDFC0004F9FBFD
FD0002FCFFFB00F9
FDFD00FDFFFEFDFF
02FD03F9FBFCFD05
0202FEF301FA01F6
FEFD0001FEFB0201
01FD0206FFFFFF03
03000103010003FF
FC02FE03000200FC
FD00FBFFFFFE0201
FF02FB02FD01FFFE
0101FFF8FCFD03F4
00FEFDFFFFFD00FD
030201F703FCFDF8
05FD00FCFFF90001
0202FF0000FE0303
FCFEFDF901F700FC
FE00FEFD00F80200
FF00FDFD01F70106
FCFFFD07FDF9FF04
01FD0203FEFC02FD
02FDFC04FFFDFD04
0200030003FDFE07
FDFCFDFCFFFBFC04
FD0201FDFDFE0305
03020104FC0100FC
FFFD01FFFEFEFE02
FEFC00FAFDFCFC09
FEFE02FEFDF80202
0200FEFD01F8FDFF
FA0101FEFDFCFE09
01FC03FD00FE0105
0201FDFE01FC00FF
01FCFFF901FBFE05
FD0102FC02FA0208
FC03FBF9FDF90103
FD0001FAFFF90003
FC02020100FCFD03
03FDFE00FCFC0101
FD01FE000005FF05
FF000303FEFE0002
0002FF01FD03FD02
FE02FD06FC01FD06
00FD04FF02FCFE01
FD0303FFFEFFFCF9
FBFE04F8FDF800FC
FCFD01FEFFFC02FE
FBFC01F900FB0204
FBFE02FA04FAFCF4
FCFF000201010200
0000FD03FF030101
0000FCFDFFFC0200
FEFD02F7FBF90103
FCFFFE01FFFB00FE
02FFFE060105FD03
0003FC04FE050001
0103FE03FD04FF02
FFFD02070208FD08
FEFC0407FF0601FF
FDFD01FEFFFFFBFA
0300FCFFFEF901FE
FDFF00F901FCFDF5
01FFFD0202FE0105
FCFCFCFAFF01FCFE
FE0200F801FBFCF7
000303F8FFFE02FC
FFFC02F904F50001
FCFF02FEFE050303
FFFD01F6FDF9FF00
FC00FCFDFFF8FE00
FF030301FEF70303
02FFFDFFFC08FEFE
0003FEFDFCFF01FD
00000100FDF901FB
00FC01FB01FB02F8
000200FDFF02FCF9
FE0002FA01FAFDF8
02FEFFFB00FAFDF6
01020200FD050003
0002FCFB00FCFEF8
0000FDF603F603F3
FFFE02F502F402F6
FE0202FAFBFEFF03
FD0101FDFF000101
00FEFFFB02F4FEFF
FFFF03F600FC02F8
00FB02030104FC07
03FBFEFCFEFB01FB
FDFC03FEFD05FFFB
01FEFE0102030302
FF020008FF0BFD01
FD01FFFFFD01FFFE
0301FB06FF00FDFD
FF020202FD04FF02
01FEFF03FF0203FC
FFFDFF03FEFCFCFF
FEFCFF01FC01FFFC
02FCFE0600030202
FD00020300070403
02FC010400FB03FD
FB03FF04FF05FE05
FE01FE010106FD02
00FCFC0600070200
020003FFFB060201
FEFF02FF020401FE
FEFBFFFFFF03FE00
FFFEFEFFFC020201
FCFE020202FF00FF
FFFCFE000304FE00
FFFE0003FF04FEFF
FD02FF04FB03FF00
FF0201040008FF02
030003FEFD01FD04
FCFD0104FD03FC03
FF000104FD07FB08
FEFCFD040103FEFA
00FDFFFEFE01FFFB
0000020100FD0002
FD0201050003FF03
FE0200FF02FCFD02
0300FF05FC050103
FB0202FCFC03FD07
00FD03FBFCFC02FB
03FCFCFBFDFB03FF
FF0003FC040000FC
02FEFEFA02FDFB02
FFFD030001020104
FD0203FAFDF70009
000303FC01F80204
FE00FDFE01F902FD
02FC03FAFCF9FF04
FC01FF0100000306
FFFFFF08FEFE0004
01FFFC09FDFBFF01
0002FDFCFCFD0203
FCFD000503FF0301
000203FFFD00FD02
FF03010602FEFDF8
000200FF01FF0103
0002FEFE00FDFF06
030002FA00FFFE06
FD03FC01FCFE0306
01FEFC0102FC0205
FE0202FE0200FC02
02FDFD0103FF0101
FFFCFE04FFFDFDFD
03FDFF020001FC06
FE0103070007FE00
03010206FE02FEFE
FCFFFD0200FDFF07
FDFD0200FEFDFEFE
FE000203FEFD0000
FD02FDFBFDFEFF04
00FD0303FE02FB00
0303000501040308
03FEFF00FE0000FF
FD020201FEFFFDFA
02FD0305FF06FDFB
00FD0005020300FC
FFFFFCFFFFF9FFFF
0102FF00FEFF0001
FE01FC02FF03FC08
0001FC0000000201
00010401FD00FF00
03FE00FD0000FF01
FC03030001FCFC08
02000003FC02FF05
0300FD02FB04FC01
FE0103FE0300FE06
FF00FBFCFDFF0202
04FF00FD01FFFD01
FBFDFF03FF010302
FFFEFC00FD0601FF
0000FCFE0206FC03
00FDFD0100FEFF01
00FD03FD0201FBFD
01000201FEFBFE00
FCFE03FFFFFCFEFE
01FD03FDFE020209
FFFDFF000002FCFD
0101040001FF0300
FCFBFD0001FFFFFE
02FE03FE01F80100
FE000204FB02FFFE
FD01040002FB00FE
FDFE0100030101FF
FC02010AFC050106
04FFFF05FD00FDFA
FCFD0004FC01FCF9
0300FD03040201F6
FCFE0305000BFCFB
FC02FE08FDFFFDFF
01FFFE05FB070205
02FD020303040207
FF02FFFEFE0001FE
FDFD030101FCFC03
FE0102FE01FCFDFE
01020201FEF80105
FC00FFFD0002FC02
02FC00FFFEFA0101
0102FEFCFCFE0304
00FE03FFFF000002
FEFD00FEFDFF0106
FBFD00FFFB02FD02
FDFE00040308FBFD
01FEFF0701FDFF09
00FCFE03FD02FE04
00FEFFFFFE01FBFE
0302FFFD0101FC01
FEFE000404000301
FB00FD0603000101
0101FB05030501FE
03000103FE01FE03
FDFFFF090200FC04
FFFFFF040204FFFE
0001FE02010400FE
FEFEFF02FF00FC05
00FF030303030207
FE0102FD02010104
0000FDFB02FCFB02
FCFCFEFCFF050101
02FDFE00FDFFFD06
00010201FE020104
FC01FD01FD0700FF
01FCFF0002020201
01FEFF050204FCFC
FD01FD07FF07FD02
FDFD00FBFE000100
03FDFFFF0104FEFD
FE02000500040102
FEFF0103FD03FEFF
01020101FDFFFF03
0301FD06FEFEFC04
00000302FF050003
01000302FC03FE05
000302FDFF020006
FE01FEFD04FD0303
FEFDFCF903000206
FDFC02F603FDFE08
FDFF02020101FC02
FCFFFFFE01FEFCFA
FEFCFF00FB02FE00
FCFFFCFE02FE0304
FD0300FAFE09FD01
0202FFFF03F902FF
FEFDFDF901FD0101
0301FE02FFFCFC08
01FCFF01FEFBFF07
FDFC01FD01FDFE07
FCFCFDFD01FFFB06
FFFE02FEFD03FE03
FF020000010201F8
FEFE0004FE01FF03
020002030002FE00
FCFFFF0402FC0301
FEFFFE040009FFFC
03FDFF00030300FD
0202000102010302
00FD0104FF040000
00FCFC020202FBFD
01010000FD030201
00FB03FDFEFD02FE
FFFE010400010201
FFFE03FFFBFBFEFD
0301FC02FF070306
0000000601090205
03030003FF060203
FE000303FC02FCFC
FD030102000101F7
FCFD0205000602F9
00040305FE0702FB
000403FE02020202
03FE010203040105
01FDFFFF0001FF04
FC03FB06FE0802FF
FC020003FD02FF05
01FE0302FD030302
01FDFE02FF05FD0A
01FFFF050103FD06
FEFC010101010000
FCFC0306FE080305
FD0202060201030B
0203FD03FB03FD00
00FDFD0001FE02F9
FEFBFCFC02FAFCFB
FCFDFEF7FEF901F8
03FEFE050306FEF9
03FD01FBFFF90204
FCFBFE0001FAFBFF
020002FAFEF7FBF7
FEFFFDFCFCFAFCFC
01FCFC01FFFF02FB
0302FD0301FD0209
FF03FE0304020301
030103FE01FFFE06
FCFEFC06FF01FD05
0201FE02020503FD
01FE01020303FF04
FDFF0205FE040201
FC00FE01FEFFFC03
00FFFEF902FA00FD
020001F502FF01FC
FFFCFFFB02FC0405
0301FD01FDFEFF07
FE01FEF7FEFC0203
030001F5FCF90100
FD00FCFD00FAFF09
FF0202FC03FDFF02
FEFFFFF6FDFBFB00
00FCFEF804F40300
020101FD03F9FD03
FFFC010504010102
FFFEFEFA02FCFEFA
030003FEFFFD00FB
FD0103FBFD00FFFD
03FF00F600FEFF06
00FFFFF5FF0101FE
FC0101F304F8FFFC
FE02FDFA01000005
0000FDF70203FE01
FCFDFCF900FAFF02
04FE00ED02F1FEFE
FDFEFEFB01020305
FDFEFCFDFD01FE03
FCFEFEF500F6FEFE
02FDFDFB00F5FCF8
FEFC01FAFDFE01FE
030203FC01FD02FD
FFFFFDFE01FE00F8
01000100FEF5FDFD
03FC000101FEFCFC
00FC00FEFE04FD01
FCFFFD04FC000302
00FCFF0001030206
00030205FF090100
FCFE01070109FF03
00FFFCFFFF02FCFE
00FDFCFF03FB0203
00FF0105FC050206
02FCFD00FE000001
01FC0206FBFFFF01
FD02FCFF0402FF03
FF0200FCFE04FDFE
010002060200FD08
FEFD0304FD0401FC
FCFE00FCFEFF0005
FBFBFB040107FEFD
0403FEFAFD02FD08
0003FDF7FDFBFC04
0003FEFBFD02FE04
FF0000FCFFFBFE02
02FBFFFC02FDFC00
FEFE02F804F90206
04FD01FBFFFB0102
FD02FDF9FCFAFD03
FD00030000FDFE03
01FCFDF504F903FB
0000FDF6FDF702FF
010202FC01FC0005
FEFFFB05FF030002
FCFFFBFD01FB00FE
FCFC010203FEFC00
01FEFB0403020200
FEFC00FE02FD02FF
0302FFFB02FC0001
010101F601FBFD00
FC03FCFF02FD0205
FD02010000FF0105
FEFE00F803F50003
FD02FDF9FCF101FE
04FC0201FDF801FE
FEFE01F9FFFAFE04
FF0103F9FCF7FFFE
03FDFCFD05F70202
03FF0300FD01FD03
FFFDFCF902FBFBFE
02FF03FBFFF804FC
FEFD0102FFFFFF02
FCFD0002000002FF
FDFEFFFCFE030304
01FCFD01FEFB0305
FF03FEF803F70203
01FD02FCFE010105
000002FDFC040204
FD0301FCFDFD0100
01FFFDF4FDFBFFFD
030101FA02F40206
01FE00FEFCFEFE07
0103FEF902FDFC05
04FD01FD02FB01FF
FD0102FE03F90206
FC02010402FA0102
02FE0202FCF8FC03
FD0100FE01FCFC00
00FCFE06FDFFFF05
FCFFFF04FE03FEFD
0101FC05000502FD
FCFFFB02FEFE00F9
FC03FE06FF08FEF8
00FBFF030003FCF9
FD02FD00FBFE02FF
FDFDFE00FCFE0002
FFFC0305FF0600FF
0201FDFF02F90403
FCFE0001FE000300
02FEFFFBFFFC0106
0002FBFF02050002
01000300FD030103
FBFDFD02FCFEFC04
FDFF00FDFCFEFE06
FE03FCFAFB00FD00
FF01FF0801060000
0101FDF9FE0200F9
FF0000FB00FE01F3
0103FE08FF05FDFE
0201FE04FCF9FDFD
FC01FF01020302FC
0100FD02FCFDFDFC
04010209FF0BFC02
00FD02FF0201FF09
FDFCFCFF02FF00FF
FE0103FF00F703FB
0400FCFFFC01FFFF
FE04FE0104FE0201
0202FC01FE03FDFB
03FEFD0201FD02FB
0301FFFD030503FD
FF01FF03FFFDFE01
010200FB01F800F9
0102FDF501F9FFF5
0302FEFDFDFBFEFD
FDFF0205FE000205
FEFB00F204FA02FC
FEFCFDF704F3FCFB
0303FFFEFFFFFE00
FFFBFDFDFF040102
0201FFF5FDF9FCF9
020200FBFFF302FB
0303FD02FEFCFE04
0003020000060100
FEFCFEF9FDF2FDF8
FD0403FD00F202F6
01000101FDFDFEFD
00FBFFFC00FCFC03
FEFDFDF6FFFBFC09
FF00FCFBFEFBFE09
FC03FDFE01FAFD07
01FDFEFA01FDFF07
01FD03F502FDFE01
FE00FEFCFDFAFF05
00FE04F8FFFA000D
FFFE03FAFC0103FE
FEFCFBF600FDFF05
0102FEF502F9FE03
FEFDFEFFFFFA0207
00FCFE0601010202
030001FBFDFB0300
0300FD0601FE0102
00FE0001FD03FC00
FFFFFFF700000033
FFFFFFFF00000030
0000000100000030
0000000A00000007
01FDFFFF03FCFCFD
FFFDFFFD02FE0202
FC0301FE02FF02FE
040800FE00FEFEFE
01FDFDFA02FF0200
0004FFFDFFFFFF00
01FDFC0003FCFDFD
FD04010300010101
01FC0001FD01FCFC
FCFE01000300FF02
FCFFFEFF02010200
030303FAFD04FD03
03FEFD01FCFEFDFB
FB00FFFFFBFDFF02
0200FF0201FDFFFE
FE00FF01010301FF
00FEFF01FE03FFFE
03FE02FE03FB02FC
FEFB00FF01FE0102
01010301FCFE00FE
FFFB030302020201
00FEFD04FF02FE00
00FD0303FCFC00FB
FE0102FD03FCFFFF
02FE0004FBFFFCFE
01000202030102FD
FE03FE01FEFFFEFF
00FCFE00FD01FDFE
FC0303FE02FE0300
FFFD01FDFBFFFEFE
FD01FEFFFC010201
FCFFFE00FEFEFD01
FF00FD01FCFE00FE
03020002FC0300FD
FE01FF02FF01FDFE
0300000002010200
03FDFDFC0201FBFE
03FD03000002FE01
FF02FFFB00FD00FC
0300FDFFFCFEFFFD
03FEFF01FD00FF02
FDFBFC03FDFEFDFF
0403FFFF0103FD00
FFFD0100FEFEFCFE
FEFC04FBFFFF01FE
0103FF0101FDFEFE
020000FD00FC02FE
02FFFD01FEFD0202
FC0201FD02000202
FEFAFC0001020202
00FD01FF0000FE02
FEFD0501FF02FC01
FE01020302000303
FDFFFE02FD02FEFD
FFFB02FEFB000300
00FFFFFD02FEFC01
FD0300FCFCFC01FF
FBFDFD00020002FC
FD0102FEFF010202
FCFA0001FC02FE00
04FE020300FFFD03
FD0000FE02FDFFFD
03FC0203FFFFFDFC
00FD0301FDFC0104
0201FB010100FFFD
01FC010300FD0101
FF03FCFEFCFEFD00
FDFBFC00FF040001
0302FEFB02FFFD02
03FF02010202FC00
00FDFC00FDFFFCFF
0403FEFEFEFCFD01
0000FDFDFE00FF01
FDFFFE02FFFDFDFC
FEFD02FC02FEFF02
FE01FD00FC02FF02
02FD0200FDFCFE03
FC0300FD01FF0203
FF010301030201FF
010101FFFDFDFE01
FE0200FDFEFE02FE
FFFEFF010300FEFC
FE01FF00FEFF0100
FC01FD0203FDFCFF
0000FEFE02FC00FD
FDFFFF0401FEFEFE
01000303FC0101FC
00F90103FFFE03FD
02FD010103030302
FD04FFFC0203FEFD
FE03FDFD01FEFF02
FC01FCFB030203FD
01FD00FC00000302
030000FB0101FFFF
FB00FCFD02FD0302
FFFDFD02FD0000FF
FDFB03FCFCFE0202
FC030100FDFFFC03
FC01FF01FC0103FF
00FA00FD0200FE00
FDFFFF0502FD0003
FCFC01020203FEFF
FCFD0301FFFFFF01
FDFF000202FF0001
00FBFBFF010100FE
0304FE03FC01FDFF
FEFDFFFF020000FE
FDFD0103FBFFFF00
010100FDFCFDFFFE
010302FC03FCFFFC
FBF8000000FC03FE
FCFB00FEFFFDFFFD
FDFEFEFEFFFC03FD
0004FF03FEFCFFFD
02FF00FEFF02FC00
FC0302FDFC020302
FFFF02030002FF04
FC0200FD01FC02FC
FCFFFF0102FC0301
00FF02FE02FBFDFC
FD0201040002FE02
0300FDFCFE01FF04
FEFFFF0000020201
FE00FC03FFFBFCFF
FFFD01FDFEFEFE01
FE020102FCFE03FE
FDFC00FF02FDFD03
0103FB02FFFD0000
FF02FEFF02FF0303
02FD0103010201FE
FB03FFFD010203FE
01FE0001FDFE03FF
01FFFCFEFDFDFC01
FFFCFCFEFC0102FC
FFFFFD030202FE00
FF04FF000000FDFF
0200FCFFFEFB00FC
02FF0301020000FF
FCFEFD02FD01FE00
00FE00FE020301FD
FEFFFD0403020300
01FFFE02000300FC
FFFEFCFEFF010101
FE040003FD010302
FCFDFD0202FD0100
030201FDFC00FFFE
01FEFE0202FBFF01
000101FDFF03FCFE
02FE020000FE02FF
FE02FFFB02FEFDFE
03FA02FFFEFD02FE
FF03FFFD010004FE
FEFF02FEFEFBFC03
FC04FBFDFCFE00FC
FDFD000203FFFF00
FE00020201FDFEFC
FFFE010001FFFD02
FDFEFEFBFC030101
02FC0000FF00FF01
0300FE0302FDFE01
01FDFE01FEFD0002
0203FFFDFEFFFE02
FE0101000302FC03
FBFFFFFF01FC01FB
FC00FD010100FF01
0301030302010100
01FE0300FE01FE02
FF07040303FC0301
FEFC0001FFFFFC03
FC000100FDFF01FD
02FEFD00000102FB
FF04FDFFFEFDFC03
FDFFFEFCFD02FDFE
FE0101FBFC01FE02
FFFF02FB01FF03FF
0201FE02FF0000FF
FE0201FDFCFEFD04
FE0302FCFFFB0102
03FD0200FFFCFCFC
0202FDFE0000FD01
0204FFFD0503FFFD
0201FE04FFFFFCFC
0301FDFDFDFD03FF
FC02FFFC02020300
01FF01FE0202FCFC
010303FDFE04FB02
02FDFBFD0203FCFF
02FD00FE01FF02FF
FEFEFFFFFBFDFF00
FE02FCFFFE0303FE
FE0101FFFD00FCFD
FE03FD00FFFC00FE
02FCFCFEFDFCFD04
FC02FF04FE0001FE
FEFD03FF0300FF00
01FE00040402FFFC
02FF00FDFCFD0000
FF01FE00FD03FDFF
00FC0301020203FF
03FB010100FF0301
FEFD01FE02FE0001
03FF00FDFFFCFB02
01030101FBFDFE02
01FD01FDFC01FC02
00FE03FF0303FBFF
FDFEFE010001FE01
02FB00FC01FCFEFC
010303FEFDFE02FF
FF05FBFFFB00FFFC
01FCFFFDFEFEFDFF
00FCFDFF020000FC
FE00000101FE03FE
FC03FEFDFD0102FB
0300FFFE03FEFEFD
03FF02FEFE0002FD
FB0401FDFF020002
FD0002FCFFFCFDFC
FF03020202FBFF02
03FAFBFCFE00FFFF
000104FEFD030102
00000002FFFBFC02
02FCFD00000101FC
FC01FD0303FEFBFE
01FF0101FBFBFF02
02FA0200FCFC0103
FEFEFFFDFDFD0203
030301FFFCFCFCFF
FFFAFEFD01FC03FE
01FFFCFEFEFFFF01
FF00FF01FF01FDFF
FC04FFFD020102FE
FEFFFE010001FCFE
FFFFFFFEFEFDFC03
02FD02010002FEFD
FBFFFEFE0200FD03
FD000003FE00FDFF
FEFDFF02FFFD0102
0101FDFFFEFCFDFE
FEFE0100030300FC
01FBFD0100FC01FC
FFFE01FF0402FFFE
FF00FEFE0101FEFD
0202FE03FDFF0200
FCFE0100FC00FDFF
FCFEFC0001FF03FF
00FE03FD04010301
03FC00000001FFFD
FEFB03FFFC02FCFF
FDFCFF00FCFF0101
01FEFEFFFC020203
04FC00FB02FEFEFE
0101020402FEFFFE
FC0001FBFBFE03FE
02FBFE00FCFEFE00
FAFF0101FD02FF02
FE02FEFFFDFD0102
00FFFEFF020103FF
FFFF00FBFD02FE00
00FC01FD00FF01FC
FE0001FFFEFEFF02
FFFFFD00FFFFFCFE
00FB01FB010200FD
FCFD0302FE02FBFF
01FC010102FFFC02
FE00FC02030302FC
000203FDFE0300FE
030103FDFCFF0301
FCFEFB00FEFDFEFD
FF0202FFFE01FD02
02FE03FDFCFF0401
00F901FFFDFC0103
FFFDFDFDFEFDFF03
000101FDFCFF0001
FEFF01FE0202FC00
02030003FC0003FD
FDFF020002FFFEFD
FDFA0002FE02FCFE
FC0302FE04FFFD03
01FEFFFC00FE02FF
0200FDFB040101FD
FFFC02FDFDFEFFFD
FD0103FE0300FCFD
02020103FF00FCFF
000203000201FDFF
FF0303FB02040100
FE02FF01FF0300FE
02FE0201FB030101
FFFDFEFEFF0302FD
FB00FDFEFD0003FC
FCFC0300010004FC
00FEFFFBFE02FC01
FD02FCFCFE0001FF
FDFFFD030102FFFD
FC01FCFF03FCFCFE
00FD030200FDFD02
01FDFEFD0201FF02
FFFD01FDFC040201
030000FDFB03FDFE
FD0200FFFEFDFC00
FEFCFD03FEFD0203
0200010401FE02FE
FD02FEFFFE0303FD
FDFF03FCFE01FEFE
FF0100FF01FCFE00
FE04FD0101000300
00FFFFFE00FE0003
02070001FCFCFE00
FF05FFFC0300FC00
01FE0101FEFE0300
03FEFCFEFF010200
FC02000403FF00FF
0101FEFBFEFD01FF
020101FB0101FCFF
0000FE02FDFCFDFE
FEFC00FF04FF0003
00030100FC01FF02
FCFF00FBFB000301
02FD02FB0001FD00
FB01FEFE01FDFEFB
0400FCFD00030102
020001FC03010301
02FDFEFB0002FC01
02FEFF0002FF02FD
03FE0002FB010302
FD01FF0201FE01FD
FD02FC02FE010003
FFFD000004FDFF00
03FDFDFF03FB03FE
01FCFEFD04FEFB00
FFFE0003FBFC00FE
FEFD020202FDFDFD
03000000FEFF02FC
FCFE03FA03000204
0105FF0000000100
FCFB01FCFD02FDFB
020301000302FE02
FD00FBFF00FF01FE
0200FCFDFC0403FF
FC00FDFBFDFEFE03
FC0101FEFD01FFFE
FF020201FCFF03FF
01FC02FEFE0303FF
FCFC010102FDFD00
04020200FC03FD03
030200FFFEFFFD02
0002FB00FD010200
FB00FEFD00FE02FE
01000204FE04FE01
000302FF00020000
FD020200020102FD
FEFDFC04FEFEFEFE
FE0001FEFE02FD00
FCFEFFFC0301FF00
FCFF01FB00FDFD03
FD020003FF0200FE
FE0202FFFCFF0102
FF01FDFB010102FC
00FF0000FEFE0203
FBFD010000FEFE00
FEFFFE0404FD0101
00FEFD04FCFFFEFE
00FBFE01FBFEFCFF
02FC04FFFDFE0202
0200FFFD01FEFE00
03FE00FF02FFFFFF
0205000002FC0103
01FD01FD0100FC01
FD0300FF02FCFCFF
FE0201FFFD01FDFC
0203020100FD00FC
0301020003FF0102
FCFFFCFE05FB0300
FEFEFEFE010103FD
FEFCFD02FC0001FE
FF030103FCFD0202
FCFE00FC00FD0200
FEFCFDFDFBFDFEFE
0002FE0203FD03FD
FDFDFEFFFF02FFFD
FF00FDFEFF00FEFC
FFFD0200FDFFFD04
FD02FEFD010200FC
FFFC0200FFFCFF03
FD0203FDFC03FD00
0000000003FFFEFD
02F903FC030203FD
FEFD01FFFF00FFFD
FEFE01FC0300FE04
FBFCFDFBFBFF00FF
FEFC0302FEFFFF00
FEFC00FD00000201
02FBFEFCFF0000FC
FDFCFD04010201FD
01FF02000200FFFB
04FFFE0000FFFD00
0100FC00FD01FD03
00FF0203FFFE01FE
0001FCFFFBFDFF02
FEFDFF0003FCFDFF
FEFFFCFE02010203
0004FD03FF01FFFC
FE0103010301FBFF
00FF0104FC00FCFD
00FE00FE0202FD00
01FFFC00FFFDFD03
01FD01FA03FEFFFC
FDFF0303FDFEFC02
0301FE03010202FC
02FDFD02030003FD
FF030203FD00FD00
0000FF0001040100
FEFBFF03FFFD0003
0101FEFEFF01FD01
0206FDFDFBFD0302
FCFCFFFD0302FD03
03FFFC01FE000000
FF01FFFF01FFFCFE
FC02FFFF00010200
01FCFF01FEFD02FE
FBFC0001FD01FE00
FCFFFEFE03FDFFFC
0401FC00FCFEFD01
000302FF0200FEFD
FFFC05FAFE0002FE
FD03010004FE00FD
FC01FEFD020200FF
FF01FDFC0003FDFE
FFFFFDFD01FD02FF
000103FC010002FD
FF0002FEFD0100FD
FDFEFCFE0201FE02
0303FEFCFD00FE01
FCFF030003FE0200
01FF010302020100
FCFFFFFE0100FDFC
FCFD0100FE01FD03
0200FC01FF03FCFC
01FEFE030203FCFD
FD01020302FC00FF
02FC020301FE0002
FE0203FCFEFFFDFC
03000201FDFCFCFF
01FB02FE0101FFFF
FFFCFC01020001FD
01FFFDFCFFFCFD03
FDFD0302FCFD0004
FDFB030002FC0301
FC03FFFDFFFD03FE
FFFE0300FC03FE00
0002FF00FC0302FD
FF00020102FEFC00
FEFEFB010100FCFF
FF05FFFEFF02FEFF
03FF030100000302
00FC00FF01FF0102
FBFEFF01FC03FEFF
03FEFEFFFCFC03FC
FEFCFD01FD04FD00
FD010202FEFD01FE
FF010000010201FD
FDFA0203FFFEFFFC
FC00FD01FCFCFFFE
02F903FDFEFD0000
01FDFE0100FDFDFC
FDFD0001FBFC0101
FEFEFFFDFDFD0200
01040001FCFD0203
0101FFFFFD000200
02FCFF00010203FD
FDFCFE0000010103
FE02000000FEFDFD
FFFF0004FDFD0002
02FDFFFD01FE02FE
FFFF02FBFF0301FE
01FFFEFDFDFEFC02
02FFFFFFFEFFFCFE
FEFB01FD04FF00FE
FD03FF02FEFF03FE
0001FFFDFD0102FD
FCFCFC0100010002
FDFD020103FFFF01
FF03FD00FC01FD02
FEFE000202FCFCFF
FD0001FF05FEFEFF
FCFEFFFE01FCFFFE
FCFCFF010100FF00
01FFFEFDFCFF0303
0002FD0300FF01FD
00FFFF01010001FF
FE0602FE0102FC03
00FEFCFFFF03FF01
01FC0200FEFE00FD
00030002FF01FF01
FF0101FD03FE0104
02FC02FCFCFCFF00
FFFAFB00FE0103FE
FDFA0402FFFDFDFE
FE05FCFDFEFEFBFE
0002FD0101FC0102
01FDFCFBFCFFFC03
0101000302FFFF02
FEFFFDFD01FC0203
01FDFF03FE0202FE
FE02FEFFFD010003
0000FF0002FEFC02
0004FFFBFD03FDFD
02FAFF00020101FD
FEFF01FC01020103
FFFD00FEFFFF0303
01FDFBFA0103FE01
01FCFCFD03000101
FCFA0200FD02FD04
FCFC0101FFFDFBFD
02030100000000FD
FDFD02030000FFFE
FC01FF0203FE02FD
FFFE01FF010200FF
01FCFFFE0000FFFC
00FF010301FDFE00
FF0101FF02FEFC01
FEFC02FDFFFC0201
FFFF0303FCFCFD03
020002FD01FE0202
0102FC01FB000201
FCFDFEFE00FCFD01
FF0000FEFF020202
02FC00FC04FFFE02
FC000200FBFE0101
FD04FF03FD00FFFE
00FD01000002FCFE
02FF03FF02FF0203
FDFF02FFFDFF0202
03FA04FF02FDFDFC
FDFBFCFD03FEFBFD
FCFE01FC0001FDFD
FC00FF01FFFDFF02
FCFDFCFDFDFC0102
010001FD02FEFCFD
FEFE0301010100FF
02FEFCFF0301FDFD
02FA03FB01FCFB04
FE00FEFD01FEFEFE
FCFDFD0204010101
FEFEFDFBFE03FBFC
FE01FC02010003FD
FD00030102FEFCFD
FE01000402FEFCFF
0202FC01FFFEFCFF
02FE0101FEFD0300
FEFE01FDFFFEFC00
FDFDFFFE00010002
FF000000020301FD
FCFBFE04FD0002FF
00030300FD02FCFD
FE00FF03FEFEFC02
00FEFF0000FDFC00
FEFDFEFBFD01FEFD
0101FDFEFF0201FF
FDFB01FEFD020301
0204FCFDFEFF01FE
FBFBFDFCFC010002
0303FFFF01FEFBFC
FEFA000100FCFFFF
03FDFF01FFFE00FF
FD02FD01FF00FDFF
FC0001FE0102FC02
02FFFEFE0103FCFC
FFFA01FDFCFCFCFC
FD00FC0101FE0201
010503FDFDFDFC03
FC0203FFFB03FFFF
0402FF00FBFE0300
FE030201FE00FE01
00FD01FCFD00FEFD
FFFF00FDFE000100
FF00010200010300
0200FC010204FD02
FC0200FD0202FC02
0201FEFF03FFFCFB
00FF020001FFFF01
FD0002000302FBFE
FCFF02FEFFFCFFFD
FFF902020300FDFF
FE03FFFCFE0200FF
0205FEFDFCFDFDFD
FF00FCFE0301FFFC
FCFB000300FC02FC
0302FEFEFF020102
FAFFFCFE00FBFCFF
FF00FD000201FC02
02FFFCFC0303FF03
FC0001FD03FDFFFC
0001000402000300
00FFFD030403FD03
FBFEFE01FDFEFE00
0102040004FBFFFF
00FFFE03FC01FFFD
FDFDFCFDFF010301
03FE00FC01010002
01FC010201FEFEFC
01FFFD02FF01FEFE
02FDFFFB000001FF
FCFE0001010201FC
FBFEFEFDFCFCFC00
04FF02FB0002FC04
01FE010003020502
FD0300FEFCFDFE04
02FD01FC03FD0200
FB04FFFEFDFD03FE
FEFFFCFEFDFFFFFE
FEFBFCFDFEFFFEFD
04FE020101FEFCFD
FF01FD0203FD03FF
02FEFE06FEFC00FF
02FDFCFAFC02FE00
0402FE02FF0000FE
000201FC0000FDFC
02020203FF03FFFF
FEFDFCFDFDFB01FF
FB00FF00FCFE01FE
FF02FD0100FDFC00
FD03FDFF03FC0101
FE00FFFDFE0100FF
00FFFC01FF000101
FBFFFFFD0000FCFD
FFFF01FF01FB03FE
FF010102FEFDFEFD
FE03FDFE00FFFE01
FE02FCFDFC00FBFF
FF0200FFFFFBFE01
FDFA00FDFF01FDFC
00FE00FD0100FEFC
02FEFB01FFFF03FE
FF0301FEFCFE00FD
FF00FDFF010201FF
FF0200FF020303FF
0003FDFEFF010201
FCFFFFFE02FCFDFF
0001FD01FFFB0202
FC01FE02FF04FFFE
FFFEFCFBFE01FBFC
0204FF010001FBFC
03FFFFFE000001FE
02FCFCFEFFFF0203
000000FC00030103
FE0000FF0203FC03
FDFEFFFD0203FE00
000100FCFEFFFEFD
FCFD0002FC040003
0102FCFDFC040002
020201FD02FC0103
FCFEFFFBFEFFFEFF
03FEFDFE020301FE
FFFFFC00FDFDFF02
01FBFBFFFD0001FD
FF0401FC0300FEFC
02FCFEFEFDFEFE01
FEFFFDFF000202FF
02FEFCFBFDFCFCFF
FD0201FD03FE0302
FCFE02FD0203FCFD
01FE0203FD030201
03FF00FF0201FDFF
000201010201FE02
FE03FF00FCFC0102
FF01FCFA0001FC00
02FEFC00010202FD
FE030101FDFCFFFE
02FD03FDFC0200FD
FFFC01FCFD010103
FC030201010003FE
FDFEFFFE01FDFC02
02FDFCFC0000FE03
FFFEFE00FD01FDFE
FBFCFE01FDFBFD02
FDFFFFFEFF02FC03
000203FD02FDFFFF
FF02FE03FCFD0100
03FEFDFDFC030203
01F901FD0202FF02
04FFFF0102FCFEFE
FD03FF0002FFFC00
0001010102010302
FC04FDFE02FCFDFD
00FC00FAFF01FDFD
03FD030102FDFD03
FBFFFF0100FF02FC
FE02FEFCFEFF00FE
02F9FDFD0202FEFF
FEFB01FBFE000001
FC00FDFFFCFCFF01
0300FFFFFFFE0303
FBFEFBFEFC00FFFE
FCF9FE00FDFEFE00
00FDFE0302FDFBFB
FE010202FD00FE03
010101FFFFFCFCFC
FF00FFFF01FE02FE
FFFE00FEFD03FFFF
02FFFFFDFDFD0100
00FD00FD00FD03FD
FDFD020200FE0202
FE03FFFCFEFF02FC
FFFBFDFE0102FBFC
0100FF01FFFF0302
00FFFFFF0001FBFC
FDFD02FE00FFFCFF
0302030000FDFD02
00FFFD0203FC00FF
03FFFE01FB02FEFE
FEFB0402FFFCFEFD
0201FF00FEFCFE00
0400FDFDFE02FF01
FB0201FB00FEFD01
FEFBFFFD02FBFC03
FEFF0301030101FE
FFFE020005FEFCFF
02050100FCFDFB02
FFFCFFFCFFFC02FE
FCFCFF0004FC03FF
FCFEFDFD00010000
FEFDFFFDFDFE00FE
0000FD02FC02FE01
FEFCFD0001FFFD01
FEFC0101FFFCFCFC
0206FC00010400FE
FD00FDFF0300FDFC
FB000400010002FF
0300FCFBFF03FDFD
FF03FFFEFD00FEFF
03FFFDFB0000FCFD
FE020100FD000200
FC00FBFCFDFBFD01
FFFEFDFF0303FD01
FF0302FD010302FE
FDFD0000FC01FC03
03000000FE030100
FE03FFFFFD0002FE
0100FFFE02000003
0200FF00FFFEFDFD
0100FFFF01030202
020201FEFF0100FE
FE0202FC03FFFCFD
020101010101FD01
FEFD03FF020201FD
000202FBFE03FEFC
0003FDFFFDFF02FD
FFFEFFFFFEFFFE03
010204FD01FF0002
0502FDFFFE0201FD
000003FB00FC0002
000201FDFC01FCFF
FB0100FDFF000202
FB03FCFC0103FB01
FF02FC03FDFE03FE
02FF01020201FD01
FDFC02FD0102FEFC
FEFD01FE00FDFCFF
000400000102FDFE
FCFB020100FDFB02
FDFDFD04FD030200
0202FF000000FE03
FE03FDFC00FD00FF
0303FC0003FEFCFF
0301000300FF01FD
0103FEFD000001FD
FFFB01FCFEFB0100
01FE03FD03020102
FEFC03FEFE02FE03
FD02FD00FCFD0300
03FE03FC000103FD
03FD03FEFDFC0103
0302010201FCFF02
0302FCFF00FEFD01
01FFFF0100FBFDFD
02FDFF02FEFE0201
01FF02FC03FEFF01
FEFDFDFFFE02FF00
FC01FCFE03FF0203
FD0202FDFF010301
FFFF02FBFF0200FD
FCFFFFFEFC01FFFE
01040001FC02FCFD
01FA00FD010000FD
FFFD0001FFFDFBFE
FCFBFEFC00000003
0002FD04FEFDFD02
FC0000FF02FD0100
0102FB0100FEFEFF
000300FC0301FF02
FBFC0201FD00FFFE
FC0000FFFB01FFFC
0302FCFEFBFDFFFE
0103030000FEFD00
FF01020201FEFF02
00FCFF0402030201
FC03FDFF02000102
03000002FBFFFCFE
020203FE020302FE
FDFFFFFD010100FD
0404FFFCFFFF0300
0100FC0101FE0201
04FDFE01010301FD
0104FE0203FEFFFF
0203FE01FEFEFF01
00FC01FF03FCFEFC
FEFDFFFEFC02FEFB
01FF000001FDFE01
FDFE02FFFBFF02FC
02FF03000200FD03
FE0101FD01020200
FF02FE0300FF0200
FE0001FFFF00FC02
FFFDFF02FF0100FD
0302FF02FFFE0302
FCFD01FD01FDFC02
FE0000FFFF000101
01FD01FEFF00FEFF
FD02FDFCFB010203
01FF02FE0100FF00
02FEFFFFFF0001FD
FDFC02FEFE02FFFE
010101FC0102FB01
FCFF00FE00FC00FE
FF02FC01FEFCFFFD
FCFD0301FE00FD02
FCFE01FB0101FBFE
0002FD01FDFBFF00
FFFE020101FDFF01
030101FE02FC0103
FE0203FBFEFE0002
00FC00020300FDFE
FDFD02FD03010300
FEFBFE00FDFD0303
FEFCFE02FC000301
FEFBFDFEFEFBFEFE
03FDFF00FE00FD00
02FEFC0201FC0300
FC000002FC0200FF
02FD0104FB02FD00
FFFAFF03FDFEFDFE
030203FEFEFC0000
01FC02FCFF0000FF
0002FFFD02FBFDFD
FF0100FB04FF0203
FD04FF01FCFDFBFD
FBFBFEFEFC00FDFD
FC0000FD03FF03FF
FDFC02FD00FEFFFB
FFFEFF03FC00FCFC
FEFEFF01FBFDFC00
FC0300FFFFFDFD00
01FF04FDFCFDFE00
FEFFFD0302FFFDFC
00FCFCFC05FFFFFF
FEFB02FF02FC0302
FDFCFF02FC0202FE
FF04FE0000030204
FFFEFE0000FD0003
FBFA00FFFFFDFEFE
FF00020302FCFCFD
0100FEFF030003FE
020003FD00010102
FB02FCFCFF02FF00
FD0203FEFBFFFD00
FE01FFFCFE0001FD
0203FDFF02FF02FF
00FB0101FD040001
FB00FC030001FF02
0000FEFEFEFBFF02
02FFFE02FDFEFF02
FEFF000100FC0404
FC00FE00000203FC
FCFB03FB03FF0201
02FC00FC00010302
00FD0402FFFDFCFF
FCFCFC030001FDFD
FE02FF030302FC01
0001FDFDFFFFFC01
00000100FD01FDFF
FBFA010302000302
FFFDFCFF02010002
02000103FDFFFC02
01FDFEFA02FDFEFE
FDFF03FF01FFFC01
FDFB01FFFD0001FD
0002FFFDFDFF00FF
00FE02FFFB020103
FE02FE03FEFFFFFD
FE01FFFF02010100
0000FF0204030202
FEFC04FDFE010301
03FD05FBFEFFFD03
FD0104FF00FEFDFD
02FFFF01FF00FFFF
FFFFFE03FB0000FC
00FF03FDFBFEFF01
FFFC0302FFFBFBFC
0100FFFDFE01FC01
00FEFE03010201FD
FFFE04000100FE03
FEFCFCFFFEFFFEFC
FFFCFEFD02FCFC02
FCFDFD0301FD0102
03FDFC0200FEFB03
02FFFCFCFEFC03FD
FEFCFC03000003FE
02FEFFFE04FDFD02
020002FE02FC0100
03FDFDFFFDFEFEFE
0100FE0202FDFFFE
00FF0301FF030303
FF00FFFFFDFF0301
010203FD02020003
0100010102FFFCFE
FE01FCFCFEFEFFFF
FCFDFC0201010000
02FC02FAFF0302FF
010101FE020101FC
FA00FC0103FE01FE
03FDFDFCFE01FFFC
FF020001FD01FCFE
01FD02FF0103FE01
000000FDFD0104FE
FEFB00FEFEFDFDFD
FA020104FFFCFEFC
FB0200FCFCFBFE03
FFFD01FC02FDFD03
000302FEFD04FE01
0102FD010301FF03
0202FF04FCFB0100
FC020501FFFEFFFF
00FB0004000003FE
02FEFC0303FC02FD
FD00030100FE0300
01FFFEFEFB02FB04
FD03FFFD01FFFEFE
FEFE02FBFE03FC02
020202FCFFFFFD00
0100FCFCFF0203FC
FDFC02FFFEFB01FC
0202FBFF0302FE01
FFFFFF010000FDFD
FF01FEFDFE0203FF
FDFBFBFC02FDFC01
02FFFD0202000003
00FD0300FE00FCFD
0104FC0301FCFEFE
FC0102FDFEFF03FC
FCFA00FCFEFFFDFD
FE0200FFFCFC0101
010104FEFEFEFD00
02FB020002000002
FE010003FDFD03FD
FD0101000203FF00
FD01FDFC00FC0103
0000FEFEFE01FF03
FB010000FC00FEFD
FEFFFDFE020203FD
020003FDFC0000FF
FCFA01020200FEFE
01FF0202FC000304
FDFDFF0200000101
FF00040300FFFBFD
FCFA0304FDFBFFFF
00FB01FCFBFDFEFD
FD04FD03FCFF0303
FFFC020104FE0101
05FDFF0002FE0003
0000030102FD03FE
02FC01FDFFFC0000
FEFEFC00030402FC
FE02FD0100FDFE02
FD00FE00FF00FC00
02FB02FB02FD01FD
01FDFEFC01FDFF03
FC0202030001FE03
01FDFC02FCFD0002
FCFFFB030101FFFC
030102FD00FC02FC
FDFFFDFE02000200
FB08FD020300FC00
02FE0002FCFE00FC
FCFE0001FFFD0201
020300FEFEFE0302
0204FEFC02FCFFFE
FEFDFE02020302FC
0101FCFBFCFD01FD
FDFF0000FBFEFFFE
FC04FFFCFEFE0102
020000FFFEFE0200
03FF01FE02030202
FE01020304FE03FC
FB0000F900FE01FC
FCFBFF03FDFEFCFF
FE00FC02FEFD0300
FFFB0200FCFE0200
02FDFE0004FC01FB
FBFCFD04FF01FC02
FF02FCFB0201FCFC
FEFE01FCFC0201FE
FEFC000202FC0002
00FB02FDFFFFFEFD
FDFD03FD0001FDFC
FC02FFFC00FBFD01
02FF0202FDFB00FF
FEFFFFFEFC00FF03
FE0404FF01FE0202
00000101FC01FC03
01FDFFFDFD03FCFD
FEFCFD0300FCFBFD
FF0402FD03FE0401
FF0101FCFCFDFEFE
FEFDFFFDFD02FD02
03FCFD00FDFCFC01
00000201FE030101
02FF0002FD0001FE
01FE00FCFFFC02FD
FF02FD0300FDFD00
FEFC0400FD01FD02
04FCFE0300FD03FF
0000FFFCFD010202
04F903FD000302FD
03FFFC0103000000
FFFFFFD500000021
0000000300000019
FFFFFFE800000006
FFFFFFE80000000C
FD04FD01040300FE
05050303030301F7
0101F80201FEF1FB
00F3F7FD0301FAF9
000000FBFE030202
030905FE00000C04
0304FA00FDFD0003
03FDFBFC0502FC02
FE01040001FE0206
040702FCFA040903
FE0404FEFD010205
FE0300FEFC010205
0000F9FE020100FE
FDFFFA00030002FA
030303FEFE03FF01
FD050403FEFFFCFC
FFF5010202FD0403
FEF9000102000303
FDF708FDFFFF0708
02FC05FF04030707
FFF801FE00FE0105
FFFAFCFFFE01FD02
FDF6040201FEFE04
00F8060101FC0604
0003030002FE0505
FF0604FEFC00FF08
00FD05FFFEFD0600
000001FDFB030202
0103F502FE0000F7
0101FBFC0404FAFA
FC0103FC030100FC
FF03FC0203FEFAF9
FEFF03FD040201FD
01F9FC010A02FAFE
FEF9FDFE00FEFDFF
02FAFFFFFEFCFD02
FFFF00FD06FC0905
0104080103FC0506
02FE05FD00FD0708
FC050A0302FC0704
FC060502FEFD0804
000202FCFA02FC06
03FE06FFFE01FF04
FF03090100FE060C
FE04FC010301F8F9
FE01FB0200FCFDFC
FDFFFFFD0701FEFF
0202FD010602FDFB
0207FAFF0001FDFC
02030303F9030002
FCFFF8FDFAFCFBFB
0202FC00FB01F9FD
02F9F8FD0203F8FA
FFFCFE00FF03FD02
FB02F9FDFEFFFD01
02FFF0FE0102F6F6
FFF6FA020302F6F5
00F7F0FD0201F0F4
01F8F7FFFAFDEDF2
FDF6FCFDFFFDF8F6
FEF8040002FE01FB
FCFCFB02FEFDFDFC
0202F902FEFFF8FD
03FF0103FCFD0504
030608FCFD020204
FE030D01FF000A09
FDFDFC00FFFC0407
00FAF90003FFFEFC
0100FFFD03FE02F8
FB06030102FD0906
0006F804FF010103
01FEF202FF00FFFE
FEFC03FEFE000000
02FFFBFF0203FD01
FC0609FDFE010706
01FE0600000008FF
0100FF0300FD00FD
FFFD00FC01020402
FEFF0302FCFC0702
02FD0500FB000606
FDF5FE00050101FD
00F9F80203FEFC01
00FF0203FFFC01FF
FDFE0BFF02FB070C
00FF0603FEFCFE03
0101FAFFFD02FC04
FDF8020302FC0201
FEFF08FCFEFC0C0E
0003FF0301FD01FC
0306FFFC01FDF8FB
03FD02FC01020400
FD050501F8000D0C
FF03F7030003FE00
FEFCFAFE04FDF7FC
020300020300F6FE
0202FE04FD01FCFA
0203FE0300030306
FD06FC00FFFEFAFA
0004FC0101FEFCFB
FF05000003000501
FF0308FD02FB0A03
0105FAFF0101F6F4
00FEFE01FAFCEDFA
02FF00FD040203FA
00040503FB030904
0000E5FD0102EAEA
FC00FAFB0301EEF3
FCFEFFFE01FEFEFE
FEFDFC01FE0005FF
0104FDFFFC010000
0103F5FFFDFEFAFC
01020AFDF8FF0905
FFFF06FC01030904
FEF5F7FF010100FB
FFFB03FFFE010500
02FAFFFDFE0104FF
03F7FA03FFFDFB00
01FBFC0103FFFA00
02F900FD02000300
01FE09FDFCFB02FF
FE0105FDFFFF0204
FF02FFFDFD04FE00
01FC090103FE0805
FD05070201000A07
0203F70001FFFBFA
02FDFC0404FEF9F9
FDFEFE03000101FF
0001FDFDFFFCFBFF
FD030402FEFDFCF8
020308FFFB020401
FFFCFCFEFFFEFC00
0303F9FF01FFFAFF
000100000103FCFA
FF0507FFFCFE0601
FC010400FCFF07FD
01FDF401FC00F9FD
FC04000004FC04FB
010107FE01FE02FB
FF010502F8010403
FD06FAFCFEFE03FF
0103030303FF0404
000100FE02030C01
FB00090201000C06
FE010000FD0106FE
FE0406FDFBFF0401
0303FBFFFCFFFB00
FD0302FD02FBFCFD
00FD02FEFFFD03FE
FE02030101030204
FD0605FDFB040200
0107FDFD0302F800
FC020503FEFC080B
FDFEFD00FF030707
FD05FE020300F7FA
FD03FD00FD02F3F7
FD010202FB020201
FCFF0100F9010202
FF0AF4FFFD01F9F8
0307F6FFFEFFF8FF
FC060700FB00FD05
FDF9FAFF04FDFBFA
FFFAFBFC08FFFDF5
FE01FBFE03040001
FDFDFAFF0403FCFA
FDFE01010102FD01
03FC06FD00FEFE00
FF020400FEFE0104
000306FE03010705
01040103FF000201
FD0301FCFE000108
0103070401FF0303
FE0301FFFBFB0108
FD000000FCFFFEFF
02FDF7FC01FEF9FB
FF00FBFE0301F9FF
FD00FDFF0500FB04
FD01FD02000103FB
000308FFFEFE0706
FCFDFEFEFA00FE02
FFFAF50100FFF4FB
02FE0100FDFF05FB
FC0906FFFF0101FE
01FC03FDFFFD04FD
00F7F40000FFF8FF
010103FDFCFE02FE
01FF0902FA010D00
FDFE0001FB000902
02FE02FEFFFF0703
FD05FF02FBFB0005
FDFC0204FE000805
FE0004FE01FF0609
0306050200000906
02070502FCFF0606
FF080001FFFFFEFE
0305010302FEFF03
020705FE02FD0306
0105FBFDFE020005
FCFFF901FC03F8FE
0202FEFFFD03FBFC
01FF0AFFFE010D09
FC03F600FE02FD00
FD00ECFE03FEF5EA
FF02F2FD00FEF7F5
01FE06FDFEFE0A05
030001FFFBFF0406
0303FC03FCFDFC00
FC0AFFFEFD03F602
0103020201030B07
02FAFF01FF01FCF9
FCFD01FC0003FFFC
FC01F702FDFCFAFA
02F8F6FB03FFEFF6
0004070102FF0400
00080B00FFFE0606
FDFDFD0301020001
FEF4F2FD0000F4F6
02030302FDFF0701
FC01FFFE02FBFFFF
FFFC00020201FCFD
FC0102FEFEFCF9FE
00040803FDFFFEFA
00FD03FF04FD03FE
FFFCFD02FEFEFCFF
FD030202FE00FF06
FFFF01FFFDFCF7F7
0205FA020101FEF8
FEFCF400FBFEF3F8
FCFDFCFDFE01FBFA
FDFEFD00FDFEFAFA
FC100100FB0002FD
000A00000003FCFD
FCFFF9FB0300F7FD
FD02FF010101FFFD
010A010100FD0802
01060000FCFEFB00
00FDFF020100FEFE
FDFF000202030501
01FCFEFEFCFEFE01
0301010002FC0402
02FE03FFFE0100FE
02F7FFFF000301FF
00020603FFFD02FA
FD000600FCFF0203
01FD000200000804
FC03FDFDFBFD0306
FB0807FC01010901
00010502F7000103
00FBFF00FBFB0203
FEF9FC0202010402
0000FF0303FFFA01
FF0503FFFE0000FE
FDFB03FDFF0101FF
FEFFF8FD0101FFFF
00F9FDFDF9FCFD02
FD07FEFE0203FF00
FD06FF000000FAFE
0000FFFC02FEFA01
00040401FFFC00FA
FF01050301FE0704
FEF9F9FD00010201
0301FCFD0003FCFF
FD0709FFFD020B02
FF0800FFFCFDFDFD
FDFFFE00FD000800
FD01010301FC0804
FFFD0502FC020C05
FEFF0001FFFB0505
0301F9FFFF02FDFB
01FE00FB01FE0506
0003FE00FEFF0503
0202020100FD0503
00FB0200FD02FAFB
FEF802FE00FFFD02
02F6FCFFFFFFFEFE
FDF9F9FC0301FEF9
FDF7FB040502F9FF
00FC01FE00FD0404
FC020301FFFE0101
00FF010202030106
00FFFE03FD010306
FF0601FF00020403
FF04FE03FAFFFE05
03FF0001FC000403
FC030004FFFFFE05
01FEFB0101020200
FE02FA010604F802
01FEFD01FEFF00FD
FC05FC0203FEFBF9
0205FC04FCFB0404
0107FDFDFC02FBF8
0101FCFDFC01F3FA
FD0900FFFB01FDFE
FB02FE010000FD00
0006FAFDFEFDF8FB
0203FAFFFCFFF3FF
000000FE0002FAFB
FEFFFEFDFFFCFDFD
00FCEBFF0603EDEC
02FEF400FDFEF3F5
FEFEFD0002FCFEFC
FEFB02FDFC0202FC
0305FDFF0101F9FA
FE05F70201FDF9FC
01FD040302010200
03FA04FF04FF00FD
0303050201FF04F8
04FDF40204FDFFFD
FFFCFB02FDFC00F8
FC040202FDFD03FF
FD0D09FDFB000802
03020303FDFD070C
FC04F70202FD02FA
FDFDFCFE0402FBFB
000AFEFFFD0407FF
FF050401FD02FF04
FDFC00FDFFFD00F8
FDFF01020201FF05
FD000300FFFE0606
FFFE03FFFCFD0303
0204FDFE010103F8
02FD000002020301
FE0103FF0204FEF7
0104F8FD01FCFBF9
01FAF6FEFEFEFBFD
01FBFD0001FFFDFF
FE030BFE02FF0B01
FE05FF01FF01FFFF
0304FC03FE010402
FF02080402FE08FD
01FF0CFDFD000000
01FF0101FAFC0703
FEFF02FF03FCFF00
0000FFFF0003FAFE
030303020503F9F9
FEF6FF0304FB0101
00FE040300FFFFF9
FE05FF01FD01FBFC
00010203FFFCFFFB
FC02FF040100FBFB
0100F802FE000102
FB04FCFB000200FA
00000901FDFB0200
0203FEFD00FEFEFC
0302F1FC0401F8F8
FFFBF1FB03FEF8F8
03FEF8000203F8F6
0204F6010000F6FC
FFFAFBFB040201FA
FCFCFBFE00FF0203
FFFB0000FAFDFFFE
FFFFFCFDFCFFFEFE
01FC060100FDFFFC
FFF9FFFC02FD0604
00FBFAFE04FD01FC
FDFBFBFCFFFEF9FE
FCFBFCFB00010000
FC0001FE03030201
FE00030204FF0305
FCFD000201FD0505
FD0A0B01FCFD0A0C
0307030301FD0005
000201030302FF01
010409FDFFFE0508
FC0304FFFEFE0107
01FFF7FDFFFFF5FC
0302000200FDF701
02FB02020403FBFC
0406FC020102FAFF
FEF700FFFD030902
FE0307FDFC030CFF
FE0002FE00FDFFFE
FFFCFC0103FCF9FC
FFFD04FF03010E08
FF090E0304020B08
FD0707FFFC02090E
FFFFFE0001FBFFFC
FB0006FF00010508
FE020401FC0207FD
FC02FF02FFFF0401
00FF04FF00030704
0203FC0305FCFCFC
00F8FE02030002FD
0405FAFD0303FAF9
FF04FE010403FEFF
01040400FC000CFE
0005FF04FDFB02FE
03FFEEFFFE03F0FC
0200FC0002FCFEFA
FCFE00FDFEFC0104
FF06FE04F9FC00FE
0004FFFDFEFB0906
0205FAFDFFFE0706
FCF9FC010102FBFC
FF07FBFDFF02FFFD
FEFEF7FFFEFFFBF6
FDFF00FD01FDFDFC
0202F8FCFB0100FC
0307FEFEFDFDFDFC
FD02010201020102
FFFB01FC00FC02FE
FEFC0102FEFBFEFC
00FC0E04F9FF0802
00060900FAFF060A
01FDFFFCFDFF0B04
FEFEFEFD01FDFCF8
FD0509FEFB020708
03020502F6020102
FDFFF70002030200
FEF80203FDFD0303
01FE0304FE04FF04
01FF0201FFFE0200
FFFD02FEFF020108
FCF6FDFFFB0200FC
FDFAFBFEFDFC0101
FD03FA02FDFF0102
FC00050102FDFC01
FDFD0804FE010704
FCFE03FEFCFD0A06
0203F9FD00FDFB02
FEF8FC0203020503
02030102FFFD08FB
FF0901FE01020302
FC070500FD02070A
02FEFC010200FBFD
FE03040000FE0404
000501FFFFFF0005
0400FF02FF03FD01
FCFB03FF0103FDFF
FDFFFDFDFF01FF01
0200FE0401FFF8FB
FFFDFD0001FC0002
02FF000001FCF9FF
FBF80003FD01FAFD
FBFDFCFF0102FD00
03FA03FE0201FCFC
FDFE02FDFF01FF02
FDF90100FE020204
FBF5FCFF0100FDFF
FEF800030300FEFC
FFFCFEFCFEFFFB01
FE00FFFC01FD0402
FEF80000FFFCFE00
030001FCFCFF0401
010608FF00010403
FF03FF0201FC0100
FEFF06FFFE01FDFC
03F502FC02FEFC00
FEFC010401020205
FF01FC00FF01FAFE
03FFFFFD00FE0101
FDFAF3FFFDFFFA01
FDFCFC030001FEFD
030104FE0101F9FE
01070502FDFE0402
FC010904F7FE0D05
0300F6FBFE03FCF9
03FF060001FE01FE
01040AFEFA010B07
02050B02FA020006
FDFF05FD000200FF
FEFE040002010004
FC0104FFFB000A08
01FF05FFFB000408
02FA0002FD020904
02FFFFFD03FDFDFD
0300FE02000000FF
FDF8FF0300FEFFFE
03F7F2FEFDFFF7F9
FEF9FFFC0501FBF6
FE00FDFF03FEFDFE
FF00010302010A03
01FBF3FD0503F200
FD070801FF030305
FCF802FF00FF0200
03F902FEFC01FC00
02FEFD03FE01FCFE
0302040205020403
03FB0302020200FE
FD01FE02FD00FFFD
FD06090204FF0C09
02FFFF0200FD0506
030D02FDFFFD07FA
0004FEFEF9FEFCFF
01FFFD02FCFF0303
FE03FE04FEFE0204
000809FEF8FE00FE
FE05FDFEF900FF02
FB030202FCFD0103
FDFEFEFDFE040305
0107F5FDFFFEFBFB
FEFEF8000003F3FB
FE02FCFBFDFC00FC
04FFFEFE0001FFFD
0207F902FA02FAF8
FF0CFD00F903F900
01020001FAFCFA00
0303FDFE0303FF00
0305F6FEFBFFFEFE
FE04F6FDFF01F7FA
020603FFFE020803
FE0206FCFCFB0203
0106F70202FDF8F9
0202FF0104FDFAFD
FF000C03FFFF0209
00FCF701FFFEFBF9
FB05EF000700E7EF
FD0AF6000304EFFA
02FC0404FAFF0306
FFFBFFFCFFFCFC01
FF02FD020302F9FE
FD00F8FDFF00FA01
0303FFFF0300FFFD
02FF040001010302
FFFF06FE0300FFFB
FFF80202FE01FD01
FFF6FBFA03FEFA02
FE01FF00FC00FF00
FC040FFD05FD0F06
0108FC01FD010500
01FDFB000104FBFE
00F80401FDFEF7F9
FFFB04FF0302FFFF
FEF604020100FD04
000106FFFD030703
0201040301010600
00FE030104FD0107
01010203FFFE0305
010304FC01FE0002
FC0701FE01FBFD00
000603FE02010104
FEFCFE02FE02F9FA
FF0C00FF02FF00FF
FEFBF7FEFE00F4F5
03FBF7FFFDFEF5F5
FF00F3FD03FFFBF9
0003FD00FCFFFEFC
FFF8F3010301FAF5
FDFBF1030204EBEE
FEFAF30102FFECF7
0302FCFB0300FBF3
0201FBFDFEFCFE01
FE01F602FC02FDFD
0205FA040002FB00
FEF901FEFFFDFD02
0000FE00FDFBF5F9
03FE01010301FDFC
FDFEFB030100F901
FFFCF7FFFEFCF9FD
01FDFB010300F3F3
FCFBFFFE00FDF7FD
FFFCF300FB02F9FA
01F8EFFD01FDEFFC
01F8050303FCFCFF
FEFBFB02FFFDF7FA
FAF9060200FEFB02
0301FE0003030503
FF030401FEFE0703
FEF9FA010200FBFE
FFFBFF0103FD0300
FF010A03FE010501
FF03FCFDFB030101
00080402FEFE00FF
FF04FE000001FDFF
FEFD020100FF0404
FFFEFB01FC03FDFE
FD09050000FD0200
FD08FF05F9FD03FD
02FF0102FEFB0306
FE01FBFCFD01FE05
FF07F7FEFDFCFAF4
FF03F4FC04FEF6F9
0201FE0103FEFB03
040202FCFE0100FE
0108F9FEFC00FBFD
FF05F904FAFDF9F7
FF0308FF01FF0305
0008FBFE00FD00F9
020BFDFBFA00F900
FC03FCFE01FCF6FC
FF02F9FC01FCF7FC
02FEFEFBFCFDFBF3
FB030104010000FD
0203FA0400FCFA02
01FDF5FDFDFEFAFE
01F6F9FF01FFFCF9
FFFCFA02FEFDF2F3
00FEFA04FDFBF4F8
04F9FF0304FDFFFB
01FC00FCFD0003FD
FFFDFF0200FE0300
02060000FC01FBFE
FCFA090201010705
FEFA07FC00FEFBF6
00FEFF01FAFDFF00
FCFDF704FA02F704
00F5F0030002F5F9
FEF301FB0102F901
FC020AFC00000504
0001FB0201030500
FEF8F803FDFBF6FA
01000601FE010402
FDFA0601FE020500
00F802FE01FF0001
01FC02FD03FCFE00
0200FC0203FD0202
FFF8FD04FEFDFFFF
02FCFBFD0201FB01
02FDFD01FE03F801
03FF0D0305FD0C04
FBFC00FEFB010104
02FCF7FC00000002
03FBFEFBFDFEFF01
FCFF0AFC00FB03FF
FF0D0601FF010809
03FBF8020000FEFD
02FC01FF09FD0800
030A0C02FFFE0507
01FF0801FDFE0B02
FFFB01FDFFFEFFFF
FFFE0D0103FD0807
0004FB0203FE01FA
FE02F8FE02FEFCFB
01FDF80004FEFBF9
01FFFF0203FDF9FC
020101FCFE020001
010503FDFF0103FD
010601010102F9FE
FDF8FAFD02FE01FE
FB00040000030100
00FF0C02FBFD0C01
FC06FE03FB02FA04
0302F60102FC0103
FEF8FB0102FEFE00
FD04FBFFFAFE00FD
010402FDFC01FEFB
02F9FC010203FAFA
FDFCFFFEFD0004FD
FD05FD03FC01FCF9
000901FEFD00FE02
FD00F801FBFFF5F4
01FB0DFDFD030308
FF0104FFFEFC0907
FDFEF6FEFDFEFCFF
FEFAFCFD00FB0000
00FF0DFF03010B01
FC080601FAFD0807
FC0FFCFDFEFF0206
FD03FAFD03FCFC01
040508FE00FE0803
03FE08FDFF010606
FC010300F7FE0403
FDFD05FEFA03FD04
0301FDFD05FFF8F8
0008F901050000FD
01F902FF00FDFCFF
03FDFD00FFFDFD04
FDF402FF03010305
FFF800010100FFFF
01FB0000FEFC0000
03F503FE04030704
00FF01FF0203FF03
FE01FEFE01FC0203
FFFD03FFFF00FF02
03F800FC04000200
FC0202FE00040605
FF03FAFF0300FA03
010308FDFD040604
01030501FA020403
FD01FBFFFC03FBFE
FDFAF7FB03FCFBFD
FD00FFFFFFFEFB00
FF02F9FC0203FBFD
03FAFF0004FF0B01
03F8FAFE05FCFC01
00FCFF02FFFD0000
02FB00FF04FD0104
FDF50200FFFDF9FF
FBFAFEFD00FDFB06
FFFD0103FFFFFD00
01FB0200FE030001
FF0105FC00000909
FFFEFCFBFD02FD02
02FE090104010905
000200FDFAFC0902
FE01FAFE020301FB
01FCFB0201FBFFFB
0304050102FDFD00
0104FC010302FA02
0305FE0301FCF5FF
FF0900FCFDFFFAF7
FEFDF6FDFFFEF2FA
0005FDFDFD01F5F8
01FFF903FEFDF5F9
FE000103FAFFFFFA
00FDF702FE01F1FB
0200F8020303F7F9
00F9F9FE0402FCF4
FCFBF7FF00FEF5F7
FCF8F2FE02FEF8F2
01F6FCFEFC01FFF4
04FCFF02FEFEFBFB
FD0100000100FEFD
FDFE00FF01FE04FC
FFFEFC0100FFFBFD
FCFAF5FC00FFFDF8
FCFDFA03FF00FCF8
FCFDF200FBFFF0FC
02FBFB02FFFFF9FC
0103FF0000FF0501
010608FF02020608
01020002FFFF0101
FC00FC0303FB0102
010203FEFF010507
FD08050300FC050A
FE000900FDFD0107
FD040501FF020707
FDFF00030201FCFF
020200FC00030003
FFFF01FF07020606
FFF703FF05FFFE00
FDFA060004FF0708
FD07FFFD03FE0004
01020501060203FE
03FAFE02FFFCFAFA
01FD0503FBFE0303
FCFAFBFDFA010101
FCF20102FF020000
01FFFFFF00FD0100
02FF02FF00040402
00FE01FFFBFFFFFF
02FB00FC00FEFD03
00FDFCFFFCFFFDFB
010702FEFE040604
02FEF603FB01F8F8
0003FB00FEFFFC01
01030303FAFFFF05
FE0000020101FDFE
04FCFCFDFFFDFAFB
02FDFA01FDFFF7FE
FEFDF3FDFF00F6FD
000309FD01FE06FE
01040600FDFE0208
FEFFFDFEF901FD04
04FD00FC01010004
FD0205FD00020500
FE06020201010205
FCFEFBFC0102FC05
FF0603000002060A
0200FDFEFFFDFBFD
FFFAFE0304FEF8FA
FE0300FCFF03FC04
020201000400F9FE
FEF902FE00FF0204
FB02FA0305FDFEFC
FC050501FDFE0201
00F907FD01FC0B04
00F9020304FC0007
04FAF9FEFEFEFAFD
03FC00FE03FFFC01
02FE0CFFFC02070E
FFFF0503FB010604
FDFEF900FA04F6F8
03FD000201FEFC02
01FD050201FC0C0B
03FE0103FBFDFA00
0006F9FBFE01F9F5
000100FCFEFCFD00
FFFE030203030103
03F7FEFDFB020102
02F6F8FC0000F9FF
FEF802FF00010003
FDFDFBFF01FFFFFD
010200FEFDFC0E06
FB00FCFD05030503
FDFE06FD01010309
000503FEFFFF0606
FE02FF020200FF05
FE010003FF000200
FF0105FFFD01FF02
FDFF050201010103
FF05FFFCFFFD0404
02FE00FE01020200
0301F7FB06FBFBF9
0302FA010301F800
FDFB0001FDFCFFF9
0101FE0303FFFC02
FEFAFEFE00FDF7F9
00FEF6020603F2FE
FD0505FF03FF0703
02010600FC030B09
0208050102010808
FCFE0100FFFF0509
FB04060003FD0E07
000708FEFE01080B
01010AFFFDFE0606
01010903FEFE0606
00020300030100FF
0405FAFC03010707
00FF01FD0202FCFF
FD0200FD0404F9FB
FDFD02FE01FFFD00
00FFFBFF0303F8FC
FE02FAFEFF03F4F7
01F6F6FD02FEF8FC
010106FF03FE03FE
FF050101FDFBFA01
0104FA01FBFF0305
01FDF5FE0004FA02
FE040502FF010300
FD080401FE020608
01FE0003FC000009
020202FF02FE0101
01F9FFFF02FC0205
0003010102000703
01FCFF0105020403
FF0503FF05FF0200
FDFBFFFC00FC0204
03F802000702FF00
00F7FBFFFEFFFCFC
00FE00FDFD00FE00
FFFD040400FFFD02
FEFCF903FD010101
02FBFF0001FD01FF
030304FFFF040B02
FD0805FDFEFB0902
03020203FB030008
000305FF04030A06
010C0602FBFD040B
000100000502FA02
FB02F6FE0200F5F9
FE020102FFFBF6F9
FCFD04FD02FCFD03
02FD04FFFD020601
0202FBFD00FF0302
FEFB0202FFFEFD01
010205FCFBFE0F06
FEFAFC00FD00FE01
02FAFD0203FDF8FF
FCF2FD01FD00FEFE
FE030601FF000B04
02FAFBFD0000FBFC
FF00FBFE0301F9F5
00FF06FD0103FE01
FF010B02FF000A03
FCFFFCFD01FFFE01
00F8FEFD04FFF9F9
FCFEFAFF03FFF9FA
FC0104FE00FCFD02
0208030202FF0908
FE03FC03FB01F7FC
FE04FC02FBFEF3F7
0405FF0200FC04FE
0308FCFFFBFE0102
FB07F9FC03FFF8F5
0209FBFFFD01F6FC
0005FF03F8FF0301
FB01FA02FB02FEFC
FFFFEF000103F0EA
FCFDF1FC0200EFF0
00FF00FCFFFFFA01
FEFFFBFDFFFE01FF
0006F903FBFEF6F9
FD08F40001FFF5FC
0100FFFFFD0207FE
02FDFFFC03FEFAFC
02060604FA020604
FCFEF9FF0003FCFE
0202FDFB000100FE
01040100000004FC
000B09FDFB020907
FC0801FDFAFC0B07
FBFFF3FF0200FCF5
FD020802FD000A02
00040805FFFF0D07
0301040201FD0101
01F9F902FCFC04FE
FEFF040002010403
03FF0402FAFD0C02
FF0402FEFFFD0A09
FDFF06FE02000601
FE040202FBFDFE01
010903FFFCFE0200
02FE04FFF9000501
03FBF5FD02FCFE00
01FDFE0301FCF2F8
00060CFEF9FD0806
02FFFFFFFE040B03
FCFFFDFD000200FD
FE0007FCFCFE0303
FE060503FCFD0600
FF010403FC02080A
FB050402FDFF0B05
030402FE0102FDFF
FF060300FEFE0401
FC030803FE030F09
000202FFFCFE0404
FDFB0903FEFD0700
FDF9FE0203FF00FC
FEF7FCFE04FEFD02
01FB080304FE0100
02FC03FFFFFC0707
02FD080004FFFF04
00010604FBFC0607
01FE070103000304
FFFF00FD01FF0202
FDFF00FEFF020105
FFFF07FC01FD0605
FC020301FFFD0501
00FBFBFB08FEF5F9
0305F802FCFFFC02
FCFEFD0103FFFBFC
0208FB01FDFDF7FC
FD0104FEFD020201
FB0306FDFEFF01FF
FF02FF01F801FC03
FFFFF5FEFDFDFCFA
FDFE04FDFE01FE01
FE0207FEFA000C02
FD02FCFFFDFFFE06
FBFCF404FFFCF8F7
FEFF040203000602
01FF07FEFCFF0300
FF020601F9010C02
FCFCFBFE03FFFE01
00FF0302FF000400
03010500FD000906
03F904FD02020700
FD0200FFFD0308FB
FF0500FD04FDFCF8
FDFE02FCFBFEF6FA
FDFEF6FEFF02FCFC
0006F80202FEFEFA
FF02FA020300FBF8
02090004FB00FEFF
0001FA0100FD0103
FCFEF2FC04FEF2F4
FCFD03FDFFFCFCFB
FD08FC01FA00FDFD
0003020101FEFCFD
03FB00FC02FFFFFC
030003FF02FD0103
FDFCFC02FCFBF9FF
FC00FF00FBFB0806
FDFEFFFF01FD0803
03FD04FF00FEF8FD
FDFBFFFFF903FAFB
03FCF70300FDFAFC
01FAF8FF02FEF8FA
FC030302FC03FBF6
FD0507FEFE00FF01
FFFDFAFDFCFC0402
FFFFF8FC0101FAFC
FCFA0202FF01FDF9
03FE07FCFF010CFF
0102FDFD00FE03FF
FD01F5FF01FEFDFE
FC000200FFFD00FF
02FF0301FEFE02FE
FD01040300FFFFFE
FF02FFFFFC01FDFC
0000040402FE0607
FF04FDFCFC02FB00
FF02FCFDFE000003
0103060001030404
FCFE03FDFBFF0806
02FFF7000503F901
FF010202FF0103FD
FDFE0501FF010503
0201FDFDFD020202
FE01F7FE00FFEDF3
FEF9FEFF0003FDFF
FF070EFF01FC1007
FF0004FCFE030203
0107FCFFFB01FEFD
020301FD0502FC01
FEFE030302FCFF02
FFFB01FFFCFEF9FC
0101F6FFFDFEF7F6
FE03FA03030200FC
0101090007FE0704
FDFF050101FD0201
FE02F600FD02FBFB
FCFDFC0104FE0204
FF060AFF00FE0B02
FBFBFCFFFFFFF8FB
0203EF000003F6F5
FEFCFE0401FFF6FF
FC0105FC020008FF
02FBF8FE0002FEFE
010AFB0402FFF600
030B02FD00030302
FD00FFFF00030501
02FC01FDFAFE0104
0006FFFCFBFDFAF6
FD0A0502FDFE0308
00FFFCFD0101FC01
0001FE01020101FD
FF0709FEFFFB0B06
010BFCFEF8FEFD05
FEFF0003FD000502
FDFB08FEFEFD0003
01090601FF010801
03030103FBFCFE08
0005F70002040100
00FAFDFEFF03FE04
FE050202FE020405
FF060504FE010803
FB03FD020200FAFA
FEFD0202FCFEF7FE
02010503FD000205
FEF8F6FDFBFEF6FE
00FAEE00FEFCF4F6
FEFF020200FC00FA
FDFD0800000101FD
FE02FF00FEFE0502
FFF4F1FC0302EEF8
03FDFE00FFFEF5FB
03FF0203FF02FC02
FD010504FEFEFD03
02FAFBFC0002FB01
FFFC030000FE0300
03FE03FC04FE0804
FC01FE0306FDFF01
FEFF050005FD01FF
FFFFFFECFFFFFFEB
0000003400000021
FFFFFFEEFFFFFFF9
FFFFFFEDFFFFFFE3
F90204FD01FC0302
FA0000F9FCFFFCFE
F9FD00F8FE01FD04
00FF0B08FFFF0106
F90302FF03FEFF00
010008FE02FE03F9
08FD00F7FFFFFF03
02FF030302000001
01FF03FEFDFC0401
020203FB0102FE03
03FD02F5000201FF
06010401FD010102
FF0000FA0104FF03
FEFF0202FE030201
FEFE0600FEFFFF01
F80003FBFC02FC04
03FD060EFDFEFC01
0302FF0200FC01FF
00FE0409FCFE0200
04FF0508FFFD04FE
06FC0003FEFFFD03
FFFE070BFD01FE07
FD03060B0201FF03
05FDFC09FD03FF03
08FFFAFCFBFCFEFE
06FDFCFBFFFE0101
0300FC01FF00FE02
FD03FDF8FF0000FE
FC03FCF803FCFFFF
FEFCFA0103FD0001
EFFC02FDFEFEFD06
F501FBFBFC02FDFE
FE010205FDFE0004
FCFD070003030004
FB0203040103FE03
00030608FE020005
08FB04040202FD02
02FD02FFFC02FDFD
FFFF000300FDFE05
FBFCFF04FEFDFD01
0902F6F7FDFEFE00
0B02FDFB03FC01FD
F6FB060000000003
060003F9FC030302
01FF00FFFDFF00FC
F7FD04FCFF00FD03
F902000000FFFF00
F6FE03FD01030102
FAFCFBFF0002FD00
FE04F40301FFFD04
00FBF80700FF03FE
FB00FA00FFFFFDFD
F7FF0206FC020106
FEFB050B0303FE02
0000FD0801FFFEFA
F701FC0AFC01FEFF
FE01F90A01040302
F2FB070DFE04FE03
F3FB010BFE00FEFC
F5FE030DFD020203
01FEF80C03FF0206
F9FE0105FC010204
FF02FC01FFFD0002
0300FF0201000302
F500FAFF010300FC
FC03FAFB0102FFFA
06FFFAFD00FEFCFE
050200010302FFFD
F7FFFDFDFC03FB04
FFFCFBFA030302F8
0DFCF9FBFEFCFCFB
FF00FCFFFFFE03FB
FD01070600FEFD03
0302FA0101FCFFFE
080002FC02FE0402
02FDFBFE01FD0202
FF0102FFFE02FF06
03FE04000302FE03
01000404FD02FD02
FEFE0105FFFDFB02
FF02040A0301FC05
00010402FD00FDFF
FC0102FF01FDFDFF
030205030201FD00
0403FE06FDFEFD00
FC010805FC00FFFE
01000302FEFFFF03
04040208FDFC0200
04FD0102FEFFFF01
FF02F7F303010201
FFFBFF0003FF0406
0C01FAFCFDFCFCFF
FE00FEFE000201FD
FDFC04FCFFFE03FF
F9010002FF00FF01
FA03FDFDFF02FEFB
09FDFAFFFC03FF01
00FEF8FEFC02FDF8
FB02F9FF000001FC
0203FBFDFEFE0202
0902FC03FFFFFFFF
F1FEFE00FFFBFFFF
F8FFFF02FDFD04FB
FF030504FC02FFFC
0801F9FF00FE03FB
F100FEFDFF020006
F2FF0604FDFDFE09
FC010203FF000303
08FFFC0702FEFF04
FEFE00F9FD010103
F9FD01FC03FF03FF
06FE00F802030300
09FC0503FC01FF01
000308040202FE06
FDFF000603FD0400
00FE0106FDFEFD01
03FEFE05FCFDFE01
03FF0A0302010108
00000A0C0303000B
FB000905FFFF0306
07FE00FC00FDFEFE
02FD02FF0201FDFD
FFFDFE020003FEFF
0200FCFAFDFCFFFF
FE0107020201FEFE
FEFFFF01FCFDFFFD
FFFF02FAFD0102FF
F6FC02FFFCFEFEFA
F4FE0800FCFEFE05
FFFEFD00FCFE00FE
0CFEFDFB01000100
00FF0001FE000104
F6020506FD03FE01
0203FBF7FD0101FF
0C0204FDFEFFFFFA
05FE07FFFFFE0001
FD0001FD0302FEFD
FEFC05050204FDFE
0802020001FDFEFC
03FD0001FFFCFE00
090206FFFE03FD03
0B0304030200FE04
08FE05FE02FD0001
0302070002FF0109
0401F605FE02FFFC
EFFDF4F7FCFD03FD
FDFCF6FA030303F8
FF03FE0602010103
0600F506FF00FDFF
FA00FBFC0002FDF9
FE04FFFA00FE03FB
03FC000203020202
0AFBFE0000FE0104
EFFE01FB03FDFEFA
F1FE0002FFFFFEFC
FEFCFF03FC030002
06FCF8FDFCFCFFFF
FCFD02F80102FC03
F6FCFFFEFDFCFFFD
0200FD03030203FD
F802080501FE0001
F9FD02FE00FFFF05
0200040300FDFFFD
00FC05050102FE03
0400040303FEFE03
02FE0400FF0002FE
FF0107FDFF020004
030004FF00020001
FF0304FA02FFFF03
FF010301FEFF02FF
040102FD02FD0100
04FFFFF5FC02FE01
FF00FDFA04FCFCFF
FBFC010102FDFC05
FD0105FDFCFD0204
FA00FCFBFFFC0001
F803FFFF03FD0005
00FFF7F80202FEFD
070300FD03FF01FE
FC0007010000FD04
F4FF03030101FE00
070100F7FFFFFEFF
0D0104FEFE03FFFD
FD02030202FF0007
020207FE00FBFF03
0B0102000000FDFE
060108020200FEFC
0AFF06FCFD04FD00
05FEFDFFFC000101
050204FF000203FF
070000FEFD0104F9
06FD0000FE000205
0DFEF9FB010303FA
FB01F2F9FEFB02FD
FFFDF6FEFDFF0301
0001FF00FD0303FF
05FFFA02FD02FEFF
FE01FF00020303FD
FBFBFE09FEFD02FE
0B01FD07FCFCFEFE
0302FFFDFFFC02FE
EE030A06FC02FF04
F303FE01FDFE0101
0700FBFE0100FCFF
0101FB04FF02FE00
FFFEFFFB02FF0201
F702FEFEFCFD0303
0901FAFFFDFEFC02
F5FF0206FFFEFC02
FCFF09FE00FEFF06
07FF020101FCFF00
FDFFFD0101FFFD05
FAFE06FC00FF0305
FE0202F901FDFDFE
0BFC03FDFF000205
F3010C0600FE0305
FEFD0202FD03FE04
01FC0A0702FC0201
07FC010302FF0104
0403FF00FDFC00FF
FBFF0502FB00FC03
05FE05FE0100FDFB
0401090A03FCFE07
FFFDFFFE00FE02FE
F7FC000100010107
FE0102FBFDFC02FC
09FD04FB02010203
00FD0200FCFC0001
F602FE01FCFEFF01
FE02FDF6FE0303F7
0303FBF9FF0101F9
03FC05FFFF03FD06
FAFD0403FC030003
04FF04FC010302F6
FF02FEFD02FEFCF8
FD00080301FCFD05
05FB020201FEFD02
F9FD040300FEFE02
FFFDFF01020201FD
0502FBFF0000FCFE
0101010602FFFF01
FAFFF700FF03FFF4
FF02F4FC0100FDFA
0B01FD07FEFEFFFE
05FF010102FCFE03
F503F702FD0301F7
FE0303FAFE00FFF6
02FDFA03FEFDFCFC
0701FE03FEFE0101
F8FDFB00FE03FC01
00FEFAFFFD04FEFA
0300FF00020402FF
FDFE0002FFFEFEFD
04FDFAFF01FDFC01
F8FCFFFAFD000205
FD01FDFC000102FB
F6FD03FD01030203
F603FEF5FF0301FB
0201F9FE01FD00FC
0CFEFD0202FEFF03
F60103FB000302FF
FAFE01FF00FFFDF9
0303FFF3FEFF01FB
06FCFEF8FF01FEFE
02FF04FEFCFE0400
FF02FDFAFDFCFDF7
0501FCFA00FC01F6
04FE0200FC00FDFF
03FE0602FDFE0104
090303F70200FFFE
07FB0BFEFCFDFFFD
FD020602FDFD0206
FA03070AFC00FD02
FCFE0303FDFDFC06
FF0103FFFB00FC05
00010401FD02FD06
FFFB0401FF010000
F90106FDFE01FE04
06010203FC00FF04
FDFE060701FE0303
05FCFEF700010104
010105FF0002FE03
00010602000301FF
0601FCFB02FD0001
030105FFFC010204
FEFEFB00FC0300FF
FB0104FF01FF01FF
F8FF07FCFFFC00FF
FF00F7FC03FEFFFB
FD01FA00FFFE02FE
FE00F900FB01FF01
05FE020201FD0203
F6FB00FFFC0003FD
F701FBFFFFFCFDF8
FA01000200010000
FCFC0005FD03FF02
05FDFA050200FEFE
F30006090004FF02
F3FFFD04FDFF02FF
FB00FC0B03FCFE04
0000FE0202FC0100
FC01FE02FCFCFCFF
FD02FE0200FDFD01
0203FD06FF01FF01
0103050603FFFE08
F7FF050100FF00FE
000106FB00FEFE02
00020400FBFEFD03
FBFC02FF03FC0202
FD01FFF6FFFCFDF7
0F00FCF9010202F8
0303FE0000FE0003
FFFE0503FFFD0304
03FC01FAFE0303FB
FFFF01F802FD01FB
FD030100FCFCFF01
FFFDFE08FFFEFFFA
09040501FC00FEFC
0703010000FDFDFA
0402FCF903FF0300
010300FD02FCFEFE
FA0304F902FD02FF
030302FCFD01FCFE
02FE040403FFFD05
FC0201040001FD03
01FF01FCFCFD00FC
070306FEFC010104
05FE08F901FBFDFF
F800FBFBFB00FDFC
06FE0601FD0002FD
060203F8FBFD01FF
FE0003FD03020100
FCFD02FC02FFFE00
0003FBF801FC02FB
02FC0403FFFEFFFE
FCFE05FF00FDFD03
FAFDFB0401FDFFFE
F103FA0300FFFEFB
FBFEF20102FCFDFD
06FFFB07FFFFFF00
FDFEFFFFFEFD0201
F4FEF702FCFDFDFE
00FD020203FCFCFB
FDFC000601FC02FD
00FF0202FF000000
F4000306FBFD0401
F40205000202FFFE
02FD050501020201
03FFFCFF00FE0106
FB030104010100FD
FE01FB03FD02FEFF
FFFCFC0900FEFC04
01FEFF04FE0202FA
FAFD0205FCFEFCFD
FC030305FC0201FC
0203080100FB0302
040100FF0301FCFE
03020305FDFFFD03
0102FF01FB00FE01
0803F9FEFDFFFFFE
03FDFCF7FF030401
01FCFFFBFDFEFF01
FF00FBFD01FEFC04
0501FF0001010203
FD0000FFFDFD02FE
FE0302FBFBFEFE04
F602040200FC00FE
FB01FDFCFEFF0103
00FF040902FB02F9
0200F9FEFEFFFCFB
FCFEFBF6FCFDFDFB
02000300FFFF0103
060006FF0300FCFE
FD02FAF902FDFDFE
0802FEF3020002FA
0202F9FFFCFC0202
06FC03FAFDFFFCF8
0401FFFEFFFEFFF9
FCFD0202FF000104
0201FAFFFB000100
FBFEFF010203FE00
FFFD0003FCFF0102
FBFC06F703FD01FE
FDFCFEFEFE0100FE
01FEFC010301FFFC
0001F7F70103FFF4
FEFFF9FDFEFEFDFA
00FD01FFFDFD0202
0302FF030002FB00
0301F7F7FC0003FB
0500F9F8FC04FEFB
04FCFFFF01FDFDFF
FCFF030301030001
F90101FD0102FFFF
FD02FA01FC030101
FB020204FFFF03FF
FCFDFC00FCFE00FF
0001FFFE0300FEFE
FCFF03FEFE030301
00FE0704FD01FD02
F8FD010500FEFD05
FAFDF6FCFFFD01FC
0700FBFDFEFCFFF8
1003F4FE02FDFDF4
F5FFFDFE00010201
FD00FFFEFEFEFFFA
0000F8FD00FFFCF8
0CFCFA020203FEFE
02020507FE02FE00
FE03FD0501020000
FFFF0805FBFDFEFF
0D00F800FDFFFDFD
02FF060202FFFB02
0400FE0202FC0007
FBFE00FFFEFE02FF
FE01FFFBFB0003FC
FE00000503FDFCFD
03FDF401FB01FEF7
FFFCFCFE03FE01FE
04FDFE0600030303
F902FDFEFD02FCFE
0B04FEF9FEFF02FB
0E01F9FEFD0300F5
FE01FEFDFFFCFEFC
0101FDFE02FD01FE
00FE07FCFD0002FD
020201F900030100
FDFD060001FCFCFE
0101FC0202020002
F9FF0503FD030107
FD030000FFFCFE05
FC020203FCFE0005
FFFE060A00FE0201
00040304FD020201
0201060C01010001
F700010B04FC0002
07FC0508FC02FEFF
FFFC040701FEFD02
FD010606FCFDFD05
FCFF050503010300
0803FDFF02FEFCFD
00FE0104FBFF0306
FEFDFE00FEFC0104
0700FCFEFB0202FF
FEFEFD0001FE02FC
00FD01000102FD01
F6FE020002FE0001
FF00FCFFFEFEFF02
F8FF010200FEFF01
FAFEFC030002FF03
00FDFFFFFDFD03FD
01FBFF0401FE00FE
F4000202FDFD0002
0300FEF7FE000201
13FB06F902FE02FA
00FF0000FCFFFE00
FE0007FCFC01FE03
09FFFBFC02FF01F5
08FCFCFC01FEFDF9
04FD04FD03FF01FB
FE010302FF03FC04
090102FBFE0001F9
09FF05FFFEFF00FA
02020A05FDFE0102
F9FD0201FDFF0303
F603FD04FE01FC00
03FFFD050103FF03
FEFC050400FEFF03
F2010905FE00FD05
FAFD03FDFD03FF00
0BFFFF01FF00FFFF
F7040901FD010005
0301FCFD02030301
FCFC040300FC0103
02010402FD030106
07FC0104FE03FD08
07FEFFF6FF020202
03000305FCFCFE02
0201FE00FDFD01FF
0702FBFF0002FC05
07FCFA02FD0000FF
F801F3FA01FFFF00
FF01F6F8020200FC
04FFF804FC0300FE
0500F80600010002
FA03FEF903FC03F9
FF02FC00FFFEFBF9
0502010203FF03F7
03FF0205010204FB
F20101FCFB01FFFC
F3FD01FBFC01FDFB
FB02FD0004FD0000
02FF01060103FF00
F5FF04FBFC010002
FFFDFBF501FDFDF8
F8FFFC0302FD00FC
04FEFE0000FDFEFD
FFFDF60103FD00FC
FDFDF6FA02FE00FB
0502FCFA01FF0300
0200FF0302FD00FA
F802FCFCFFFEFDFC
FD00FE00FDFD02F9
08FDFC04FE0002F9
FFFEFF020102FB02
EFFF0702FFFCFB00
F1FF00FAFEFC02FB
FF00040200FDFD00
FA0308FEFB00FF03
FF02020100FC03FF
F900070202FDFE08
FBFCFD01FDFD0100
FDFF02FC0203FC01
F5FFFFFCFCFDFCFE
0401FE00000001FD
0703040800030205
FF0105FF00FBFDFF
00FC030203FD0001
08FEFFFF02FD00FF
08FF04030203FCFE
F9010605FDFC0207
F9FC0906FCFDFD05
03020B090003FD03
070306000000FEFD
FEFFFFF7FFFDFB05
FC02FA05FE0102FE
FA01FFFC0000FBFE
FD0001F902010201
0203F900FCFEFEFB
FEFEF20103FEFFFD
FDFEF406FC02FF00
00FEFDFCFE020000
F8010109FFFD00FD
F2020203FCFEFEFF
F901000501FDFEFC
04FB020000FE03FF
FDFDFA06FF02FC03
EEFFFF0801FC0003
F202000EFE0000FE
F7030105FB02FFFD
0401F70700FC01FF
FC01FE0001FF00FB
F9FFFBFF01FD00F9
00FE030600FD0303
F301030300FF0206
F800FB04FD04FEFD
01FCF50703FCFC02
FCFEFC00FD000200
EE020408FC03FE04
F502070AFCFF03FD
FC01060800FD0205
F7FC050AFDFDFD01
00FD0008FCFF0303
FD000309FD03FD05
0302FD08FE02FFFE
05FF010103020201
0501F9040003FC03
00020105FEFEFD00
FCFCFD0603010103
0603FB0100FEFC02
0403FC06FFFF00F9
F0FDFAFBFEFF00FB
01FDF5FD0300FDFE
0A01FC0303FDFC00
03030003FD01FFFC
F803F5FC00FDFD01
F803FAF501FD01FA
0903F706FCFEFDFE
0002FF02FD0304FF
EAFD01FE01FE01F4
F00104FDFDFDFE01
FB010305FF01FEFE
FFFE01FCFFFCFF02
F3FFFEF7FD020400
FA0201FCFF020103
04FDFDFEFF0201FC
0303F600FFFFFCFB
F4FCFB0003FD01F9
0100F801FD0103FB
0102F70200FF00FD
F800FF05FCFDFCFF
F7030207FD0200FB
FFFF0205FCFFFDFD
FF0104080002FF00
01FEFD08FE0103FD
F2000107FD02FCFE
F8FF020202FC0006
FBFD010EFFFEFC0B
03FCFC05FDFDFE04
FDFEFA02FF0101FF
0002F7FC02FC02FB
0602FC07FFFDFFFF
F2FC04080203FD03
FBFD000403FDFE04
01FF02040003FF00
FC000502FCFEFE00
F6000808FDFF0105
01FC020100FF0001
06000804FF00FBFC
FE03070701010308
F900FF01FCFD0202
01FF0102010200FF
07FE05FFFBFB02FF
040204010001FF01
FF02FCFB02FEFEFC
FB030503FC000100
FDFD0704FE02FC06
FD00FEFFFFFFFE02
FD03FD0201FEFFFD
02FE0404FF03FEF9
060200FDFEFC00FD
FF02020902FCFFFD
FC00FF0101FEFFFF
02FF04FB0001FDFB
05FB02FF00FE0200
01010604FCFFFCFE
FFFD00FA0301FEFF
080302FF0200FE01
080003FC00FEFD03
04FD0602FDFCFCFF
FEFF04FEFCFC0001
01FC01FF00000005
F80002FD01FE0308
F9FCF9FEFDFF01FF
03FE0001FFFDFD01
F204FCF7010003FB
FBFEF7FCFEFBFEFA
02FCFD0B02000205
01FE0604FD010404
FA0002FF02FFFDFA
00FDFEF8FDFF01FA
070304050001FE01
020000020103FD02
FCFC00FBFD0202FB
FC04FCFEFD000003
FD00040502FE0301
0401FF03FE0001FE
0104F5FD0003FD04
FE0005F8FFFF0301
FF020001FC0202FD
01010100FF01FE00
07FEF0FDFEFD00F5
09FDF4F902FC00F6
FFFCF9FFFFFDFCFB
01FCFB00FEFF01F7
01FE00FA01FDFEF8
0AFEFAF7000101F6
FDFD04FAFF03FDFE
02030000FE0300FD
09010605FB030301
0CFDFBFAFB0001FA
040103010002FFFE
01FCFDFDFFFEFCFC
02FCFDFC0201FF01
FE0302FEFCFE0203
FEFFFA0202030100
04FD0706FC00FF05
FC000405FE0102FD
04FC070503FD0205
00FC09070302FD04
0202FE0AFD000104
0003090702FE0304
FFFE03040002FDFF
01030A08FE03FE03
0BFFFEF703FFFDFC
050002FF02030407
00FD01FE03FFFF03
03FD0103FFFFFF03
FE02FCFD02FCFDFE
FEFCFCFDFBFEFC02
FA00FE0101FEFE02
FC0400F9030101FE
0D01FE07FC020103
FD01090A03FDFD02
FD000807FF02FC02
FF00020AFEFD0300
0701090BFF00FD02
FFFE0305FFFF0104
FEFF0706FF01FF02
FD01FD0900FCFC05
0C01FDFEFE0301F9
040203FBFEFDFE02
0000FF06FCFEFE01
0104FEFF0203FF02
FDFD0502FB03FCFD
0203FBFCFEFF00FE
FBFE02FC02FF01FF
FDFBFB01FFFCFF04
F3FEFC0000020405
F901F6010300FDFF
FA00F804FF02FDFD
FE03FDFF04FC00FB
F501030000FE0000
F702FF05FFFD04FC
F7FFFD03FDFEFC01
F9FE000101FFFCFD
FE01FE040301FE02
F9FF000401FFFD06
F500FC0B01000304
F900070B03010305
F4000001FEFF0002
FE04FBFEFC010102
0501F80301020300
FC04010A03FCFFFD
F9FC0404FE03FC06
FAFD0400FE030005
FDFD03040202FE02
02FDFE00FEFEFC01
00FC08FF00FEFD03
08010102FB03FC02
090300FAFFFEFEFF
05FF0701FDFEFE01
090203FD00FD02FD
FF01FDF7FE0300FD
050004FCFDFDFC06
07FDFBF801FEFFFA
02FDFEFDFD0303F9
FFFFFFFC01FEFF03
00FD020000FCFF00
FFFE0902FEFCFE01
08030207FDFC00FD
FFFFFBFD020202FB
01FFFFFFFEFE0101
F902040C03030301
09030301FF0203FC
FBFB030701020205
F903050FFC030107
FCFFFE04FCFCFF00
0801F10103FEFCFE
FE01FCFCFD0300FD
02010701FFFF0205
F7FD03FEFDFE01FE
0202F4FBFFFD03FE
F801FC00000102FC
FEFCFFF8FF0003FF
FCFDFCFFFCFDFEFA
F8FD05FDFEFE0003
FA0206030102FC04
F8FF05010002FF04
FAFF020301000200
01FE00FC01020402
040108FE0103FC01
010006FDFEFD0000
00030500FD000405
02FDFFFD02FF0300
FFFF01FFFEFD01FE
060202FBFC020306
0402FDF5FD0003FB
02FF0201FEFEFC01
010206FDFFFDFEFF
FF00020100FCFCFD
FAFCFCFF00010300
01010009FCFCFD05
FB01FE03FFFE0106
02FDFD01FCFEFC00
03FD0208FE020301
0602F90801FCFD03
F702000801000203
FC020007FCFFFC02
0A03F802FD03FCFC
08FF05070303FFFF
FD0203F402FCFFFC
FE000300FDFC0105
07FFFE0601FCFFFA
FFFEFD03FE000001
F80008F5FE03FF00
F603FEFA00FCFE00
0400FB02FB010000
00FE020800000200
000306030003FC03
FC010708FF00FD06
00030806FDFFFC02
0AFF02FC0101FC03
FF010BFD00FD0002
01000600FDFE0204
04FDFF00FCFF03FC
03FDFBFB00FEFFFD
05FFFEFF00FDFC03
FE0202FE00030206
FDFE00FEFEFD00FB
FEFD07FBFDFE0202
FC02FEFCFB0103FF
F5FE050001FC0200
F8FD0004FE030206
FDFC06FBFEFCFE01
F80201FD0200FE03
FF000502FD01FDFA
FF010803FD02FCFB
FF0001FB02FCFE03
030208F9FD0203FD
0DFCFCFC01020101
07FF07FFFCFCFD01
040200FD01010001
03FEFFF50302FFFD
05FD05F80100FE01
0B0107F703FDFF03
FB010403FDFEFE01
0AFCFFFC0300FFFE
01FB0AFA03FF0400
F9FD0601010301FF
F7FE03FE02FC00F9
FC0305FEFF0203FF
F9FD04FBFCFFFD01
0101070403FFFE04
F9FF0AFEFE000304
FDFC04FC00FD00FC
09FFFEF3FFFFFD01
05FB0900FCFD0005
FCFF02F9FEFF01FD
04FE00FE0204FEFF
0F0007FDFE020100
07FD05FBFDFDFEFC
03FC06FA0000FDFF
0402040001010100
FE010D03FEFEFDFD
02FE04F9010200FC
0600FC0401FEFCFC
02020208FF000303
FCFD0607FEFBFE04
FD00050101FF03FE
0602FD020002FE00
01020106FBFEFD01
FEFD0902FFFEFC00
09FD0000FDFD00FF
0400F8FB010202FC
0A0102F703010201
0500FEF9FEFE0001
0401F6FB00FDFF00
FF02FEFDFC0201FB
F802FC02FFFD0100
F700FEFA0204FCFF
F8FC02FF03FCFC01
04000106FF03FE03
FE000203FEFD0103
02FEFD09FCFCFEF8
01FC040302FC0002
06FD0107FF01FDFF
01FC040702FC0206
FBFD070B00FEFC01
01FDFA00FF00FFFE
02FDF8050202FF01
FFFDF902FC03FF06
FAFC0107FEFF0202
0100FF06FF0000FC
05FDFDFF01FC0000
FAFDFE020202030B
F8FFFFFE0002FD06
FAFFFCFE000204FC
03FFFFFD02FC00FB
F5FCFCFF02FCFDF9
F901F402FD0203FB
020302FD0103FEFB
06FCF901FFFC02FF
F60204FC03FF02FD
FA00FCFDFCFFFFFD
0303F9FDFD01FEFD
01FEFE01FEFFFE02
E9FE050403FE0304
ED03010000FF0103
F9FDFB0301FF02FC
FF00FF0202030201
F700F9F8FFFDFEFA
F601FFFDFE00FF00
FFFD0500FD010201
F2FD050100FEFD09
0303FFF8FFFEFCFD
0400FBFF04FDFFFF
00FC0500FEFF0100
F2FE05FDFBFEFC03
03FFFBF2FEFCFFFE
0EFDFFF6020103F5
FF03010203FC01FC
00FE03FFFE030004
0901FFFEFDFE02FC
03FD00FAFDFFFFF9
02FF00FDFEFDFD01
FF02010201FFFC07
09FF0506FFFD0100
0D040100FDFF00FE
040301FCFF00FE04
F7FF030202FF0002
0500FEF4FF02FFF9
08FC00FCFEFF00F9
02FE060402FEFD00
F401040303FEFD0A
0403FDFAFFFC04F4
0B02FEF602FDFFF6
FFFC03FF03010305
0104030002FCFB02
03010201000102FC
0700FDFFFBFEFFFA
07FEFEFC010103FF
00FF080002020205
040103FEFE03FEF8
09FCF9FEFFFCFDF9
01FF03FF03FEFD02
0701070500FDFEFC
01FD0103FB010000
FCFB0C0AFF03FF07
FE000407FFFFFBFE
0501030800010101
FF0206020002FF02
01040401FD020102
00FC020601FEFF07
07030201FF01FDFC
00FE02FE00020303
01FFFFF90300FD01
000200F9FEFEFF03
FBFC040103FC0104
04FD00F5FF00FF00
F2FE00FBFDFC0101
F50002F9FCFD0200
FA0100FDFF03FBFE
0204FF00FFFEFDF7
07FBFD0003FDFCFF
0001FEFEFFFEFDFD
FB0003FDFFFDFCFE
06FEFBFB02FD00FF
0A03FBFB01FF02FA
FDFFFD03FEFFFDFF
03010602FC00FDFD
000000FEFC03FCFF
0800FDFC00FE00FF
03FD0900FDFF03FE
FF00FDFC010101FF
070404030302FCFD
01FF0103030001FD
010002FEFC01FE06
F5FEFD04FE010101
F6FD010202FE0003
04FEF90000FFFEFC
FF01FDFD000300FC
F8FE060501FEFCFE
F70302FAFE0201FA
01FFFCFDFC00FEFD
FC000503FB01FFFD
F802010501FCFE05
02010103FEFEFFFE
01000207FFFE0004
FD030209FCFC0406
FFFCFF02FC00FD02
FBFFFF00FF000103
0201010001FC02FF
03020100FEFCFD00
F2FE010403FDFD05
F60000FEFC00FE01
FDFFFAFDFEFF01FC
FDFF070403020207
F50300FDFFFCFE03
FFFCFEF7FD02FFFD
07FFFEF7FEFBFFFA
FE0102FE02FCFE02
F7FF060103FD0105
01FF0001FFFDFDFE
070001FE03030404
0201FE03FB0003FC
01FF0504020201FE
FE03070301FF01FF
01020407FFFE00FE
FB0201020003FF04
0800020002FCFDFA
FB03FFFDFE02FFFF
0103FDFF0300FD00
05FDFE06FD0002FD
0801F90402FFFCFA
FAFF0804FDFF0106
01010003FEFCFFFE
0302020201FCFD03
02FDFC07FDFE02FB
F500FAFCFB02FDFB
FEFD01FD0302FE00
0700F8FAFE01FDF6
0200F60001FEFE04
FDFFFDF7FDFB01FC
FB0100FC02FDFE05
FEFDFE02FC00FFFB
FAFFFF0DFDFF0003
FCFDF302FDFE01FB
03FFFAFFFDFD02FF
06FE02060301FD01
03FCFA060102FFFD
FD02040302FC0408
0401FF03FD01FEFD
01FCFD0100020001
F4FC030301FC0001
FC0000FA01FEFCFF
FE00FFFDFDFFFCFF
04FFFD07FD00FEFE
F5FCFDFD00FFFEFD
FAFDFDF4FD0003FB
FFFFF6F2FFFD00FD
0002F90600FCFD04
00FF010200020102
EE01FAF4FF0202FC
02FDF3F3FE0003F3
03000105000201FE
040104FEFCFE01FE
FEFFFDFC01FC00FF
0400FAF8FF0001F8
0202FEFDFDFF00F8
05FE02FFFF00FD03
0001FBFEFF0202FC
05FE00FAFCFEFCFE
00FF0303FC01FE04
FF00FFFFFE010103
FF0400F302FEFCFE
00FD03FBFE03FF05
FAFCFC00FEFE00FA
EEFE03FD0100FE05
FF03050100FE0101
FE0008FEFF000107
0003040100FCFD06
F2FC050300FDFF04
FBFF08FD0003FEFE
0BFD040000FEFFFF
F8FF0509FFFDFE08
F6FF0505FC01FE08
FE010509030202FF
0B030703030002FF
02FE030302FF0006
04FF030202FCFB01
FF020306FCFF0201
02FEFE05FC00FFFB
00FCFFFEFFFCFFFD
FFFFFFFC00000052
FFFFFFEDFFFFFFDC
0000002300000054
FFFFFFC8FFFFFFE4
020002020104FE00
00FEFEFDFD010004
02FF00FFFC01FF03
FF0601FD00000007
03FFFFFDFDFCFD00
FEF903FDFCFFFD07
00FE03FF04FFFC04
FFFFFE0004FFFD02
FE000101FE00FDFE
02FAFEFEFD0001FE
FC03FDFF03FC01FD
02FF0201FCFF0104
FFFF00FCFB040203
040204FE03FF0205
00FE0001FCFFFC07
FFFCFF010102FE05
0007FE04000203FF
FC05FD00FD00FCFB
0105FCFE02000303
03050103FD06FF08
0306FC01020301FE
0207FEFDFEFF0302
FB05FE030206FF02
FD06FEFCFF07FF01
FEFF00FFFD05FD00
0203030201FEFD04
020603FEFEFEFF07
02050001010200FF
FFFEFD0301020307
0203FC02FB06FC0E
0101FEFE0403FD08
FFFEFD00FF070006
03010302FB0301FC
040A0000FE040302
FD05FD020100FF02
03FFFEFC0007FE05
0304FC030301FD01
0301FD030104FDFE
04FFFD0003040104
020002FEFC05FDFD
01FFFCFD0100FDFE
FCFA02FB0201FFFE
FD0400FCFD030204
FDFFFDFF03FFFE01
FF0400030008FC02
0103010400030105
FE040001FBFFFF0A
0203FE02FF080002
03FF0000FEFDFBFF
FD0002FEFCFBFDF8
03FF00FDFD000100
030102FF01FB02FE
FD05FD0300FE0303
FD03FB0103FE0301
FF0101FC04FAFEFC
FE02FD020304FD02
FC01FC0401FF03FE
0301FD00FF000006
FFFF020300FAFD02
020502030000FCFF
0003FD03FFFD01FF
030203FC000001FC
FEFF0304FDFFFDFC
FEFE01FDFF02FE01
FE00FDFE02FD0305
FEFEFC0202FAFFFE
FDFB04FF04FD01FA
FF030103FFFFFC01
FF01FEFFFD000100
FFFA03FFFFF600FB
FCFD03FFFFF9FD01
0005FEFD03000204
03FEFC0002F600FF
00FC000102FDFDFB
01FAFDFEFDFA01FB
FCFBFCFE0201FC03
FC0700FE00F901FE
FE020003FFF90001
FBFBFCFB01FE0100
02FFFF01FBFFFDFA
FC0503FD0003FDFD
0306FBFF0104FE06
000B02FF02050200
FD000303FC0001FA
0203FD01FEFE0201
FE000300FF00FC01
0006FEFEFE0401FF
0200FE030102FEFB
01FF01FD02F9FDFF
01FFFDFEFEFDFBFA
FE0100FD010101FB
03FAFF0101FE0100
FC05FF0303FEFC00
0107FF040101FF00
03030201FF020303
FE01FDFDFE04FD06
030300FD01FE02FB
00FB0002FD0102FF
FEFEFCFE00FE01F8
0101000200FE03FF
FD0303FCFDFE01F7
FFFC01FFFDFEFEFB
02FAFE0004FC0004
0301FE00020001FE
0206FD03FC04FDFF
00FF01FD0101FFFC
FD03FFFDFF0103FD
FCFFFFFD00FAFE01
FE0202FE0100FBFD
01FBFE00FE01FFFE
010000FD030401FD
FE010101010300FF
020300FF0206FCFE
FD070100FE070303
010300FD0101FFFD
FC08FF02FF0600FF
0401FE0300030103
FE0201020002FE00
010801FE0103FF03
FE04FEFCFD07FE05
00FE0201FE04FD02
FD04FD00FE0A0005
FE060003FE04010A
FEFD00FC01010007
FD030201FE05FD07
FC0300FC0304FE02
FE0201FEFE080309
FFFFFDFEFCFFFD03
0201FE01FD020206
FDFDFE01FD040307
FEF90100FC010001
FF00FCFDFCFD0309
FDFD0104FF00FE0A
FDF8FF0200F604FD
FDFCFDFE01FE0106
FE0403FEFEFC0104
02010101FEFB0107
01FAFE0303F60401
FFFBFF0203F9FEFF
03FDFF03FC00FFFF
0004FCFD0302FE04
FD01FE00FDFEFC01
FEFE00FDFD00FDFA
FBFEFEFEFDFD02FF
FC020103FC0500FB
FF0303FC00F9FDF8
0202FC04000102F7
FF05FFFE0202FEFE
0302FCFFFBFCFEFB
FDF7000001F301F4
FDFB020103FEFEFB
FBFAFF03FEFC02FA
FC02FFFDFCFB0203
02FA01FD00FE00F9
02FD0002FDF800F6
00010202FEF901FE
02FFFD020000FCFF
00030202010100FE
02FF0100FEFE00FA
00FEFDFC00FFFEFA
FFFF0100FD00FE06
FE080302FF040104
020701010005FF05
FFFE01020002FE05
FD0603FEFD04FC03
FFFF020103010301
0302FF02FF04FC00
020302FDFEFF0201
FDFBFF00FE00FF01
010002FEFB0300FE
FBFEFD0003030102
04FCFDFD03020202
03FB00FFFE030205
02FDFDFDFF02000B
0206FDFEFC01FF05
03020001FEFE0100
02FBFD01FC07FD08
FC01FC0100050004
00FC0002FDFDFC04
010401030300FC08
0202FEFB00FC0306
01FE01FB00FD0103
03FB0101FEFB0104
0105FF0100F90204
000302FFFEFAFC07
02FDFC0401FA0101
FFFB0004FFFB0201
04FD0204FDFE0300
FCFFFCFDFD0104FC
03FDFCFC01F8FDFF
FCFB0201FDFE03FC
010300FC0000FF01
FCFCFCFC020002FC
FEFDFFFB02FE01FB
02FFFFFDFD0403FA
FDFFFF02FE0301F9
FEFEFDFB030000FF
020100FD02FA0300
FDFE0302FDFC00FC
FEFCFCFEFEFDFCFD
FC06FBFD02FE00FB
FC00FC0202020301
FBFFFE0002FDFEFA
0102FFFC00F9FD02
FF02FEFCFDFDFD03
FEFF02FCFFFD01FF
FEFF01FC0402FCFD
000AFD03020102FD
01FD03FEFDFF0301
0106030001060104
02FC000002FD0007
020101FEFEFF0305
02000301FFFE000A
FF00FE000101FE01
FEFCFC03FE010306
0000FCFD0000FC0C
030302FF020200FF
FEFDFC0301FF0402
FB0101FD03FF0303
FF03FD02FF0502FE
FDFC02FD0007FE04
01F80003FDFDFEFB
00FF0103FFFF0102
00FEFCFEFB05FE06
FD0300FEFF030409
FEFBFCFDFCFFFB01
00FDFDFE00FE0404
FE04FF020102FE05
020601FFFDFEFD05
FBFBFCFEFEFCFF03
FCFCFE0402FAFEFA
0307FD03FEFF0304
0205FFFFFB04FD06
FFF900FD02F801FA
FCFF00FF00F7FFF8
FB01010200000300
0203FDFEFF0403FE
0301FEFD01FDFDFF
FF01030302FD00FF
03FCFC000100FFFF
FF04000002030101
03FA000200F203FA
FBFC00FDFCF500F8
FDF7000201FBFDFC
FF0501FDFC0302FB
02F90200FEFBFCFA
FFF000FC03F7FEFA
FD02FF0200FCFE00
030400FEFC01FF03
0403020200FCFCFC
FFF80002FBF2FCFB
FF06FB020202FE01
0100FFFE0002FC04
FD05FC01FEFFFDFB
FC010302FB0100FB
00FA0100FDFF02FE
03FDFEFE02000202
01FF00FEFEFBFD01
FCFCFEFE01FCFDFE
FE020202FEFA0100
FDFBFFFF02FE020A
FDFAFDFCFCF5FF05
03FEFCFFFEFC0001
02FEFE03FDFB00FD
03FC0202010002FF
FCF5FCFC02F4FEF7
04F7FF0201F7FFFF
04FCFBFFFEFE0002
03FEFD02FBFFFC05
03FEFEFBFD00FDFF
FC0102FC03F9FDF8
0101FD00020502FE
00030302FEFFFF0B
FC060103FF060402
FF040101FD040101
0100FF01FDFE0205
02FEFE01FD01FCFF
0104FDFEFFFF0309
02060100FD03FEFF
FF03FFFCFF01FFFF
FF03FCFCFFFC0003
01FE00FE03FF0204
FFFE00FE0002FF09
FD05FEFCFE050204
03FEFCFE00060106
FE0201030102FE04
030000FDFF02FF03
FFFEFDFD01060104
FEFFFEFBFD00FEF9
FFFD0103FDFB04FC
FD0300FE01FC0403
0102FDFD03FCFF01
FE010203FDFF0104
FEFB00FEFDF5FCFF
01FFFC00FFFD01FC
FDFC01FD00FFFFFB
0000FE01FDFB00FB
0300FBFFFF01FCFF
FFFFFDFEFFFE0000
000701FDFEFBFC01
FF02FD0202FF04FE
01FFFEFD0102FDFD
FE050100FF02FFFF
FDFD0200FCFBFF00
01FF00FD0005FE0A
FDFB0001FE000105
02FD02FDFC03FD04
FD0001FD00070202
FFFF04FEFEFA01FE
01F8030302FEFD06
FDF6FC0101F80103
0000FD0003FAFDFE
0405FCFEFD000107
FEFF02FDFCF8FD00
FEFC02FDFDFA02FE
0302FF04FBFD02FE
02FDFF04FDFCFC06
02F902FEFFFA01FB
FFFD0002FFFA01FA
FD050002FF00FDFD
FE0301FC01010204
FD00FDFD01FD0100
FC0303FC03FEFF00
0300030402000300
0405FFFFFDF90000
00FA030101FD04FB
01FEFCFE0200FE01
FBFD0301FE020402
FEFCFDFCFE020004
03FB02FFFCFFFF01
FC00FEFE0003FFFA
FE0100FE00FBFE06
03FBFDFE0201FC05
04FA0002FE03FC04
FEFE03FD00020305
020200FD00010207
02010302FEFA0100
FCFAFCFF01F4FDFC
00F501FE00FDFCFB
0302FCFE010100FA
000601FEFBFBFFFB
FCFF00FEFEF902FC
0200010102FDFCF8
04000103FCFEFC01
01FF030200FAFDF8
FEFEFCFEFFFAFF02
FC0103FCFE01FFF9
FC0001FCFBF8FD01
FC02000001FF0208
FFFBFDFF03040100
FEFEFF0003FFFE01
FCFFFDFD00FD0004
0006FE02FE0200FF
0000FFFF0200FEFE
FC02FCFFFB05FEFF
0205030300FEFEFF
0405FEFFFF06FFFF
0301FD0102FE0203
FC07FCFFFCFF0204
FFFCFD01FCFDFFFA
0101010000FF0301
0100FE02FF03FEFF
01FDFE0200FD01FE
FC00FFFCFD07FEFF
FE03FEFF02FF0002
FC01000100FFFF07
FC02FDFE0409FD05
FF01FEFE0105FE00
040401FBFE06FF02
FFFDFE0304FCFEFB
02FDFD01FE000201
FF0200FF020703FE
0002FCFD0105FF02
0100FDFDFDF802F9
FDFA0100FFFCFFF8
01FD03010203FCFD
FFFC0000FF03FE04
02FA0102FCFDFDF9
FDFCFD0005FF0301
FCFFFEFDFDFB02FC
00FDFE000001FF01
00FFFC030000FFFE
00FF03FDFF070004
FB000100FE03FCFF
01FD02FBFDFDFC02
00FDFF0201F504FA
FC03010002FDFCFC
FD05FC01FFFE0300
FEFCFD01FDFD03FE
01FD01FEFEFAFDFD
FBF6FD0104F203F7
FC04FFFE0200FDFF
0203FFFEFEFCFD00
00FFFC0002FC02FA
0302030001FFFF01
FC02FD03FDFDFE02
FD01020000FD0302
FE01FCFD00FA0102
FBFF01FF02FAFEF9
0000FFFEFB00FE00
FE030002FEFA0105
000001FEFDF6FFFA
FBFCFEFDFEFEFFF7
FCFAFD0003F801FE
02020101FEFE00FE
FFF9020202F400F8
03F8FF0102FBFFFF
FE010004FDF8FEFE
02FA00FDFDFFFF02
03F9FDFFFDFC0200
FFFEFD02FFFB03FE
FEFF02FC02FEFC08
FE08FF00FDFFFF08
01FE0000FDFAFE05
FC0201FC02F7FDFC
FD0101FF000102FB
FC01FFFFFCF9FF01
02FEFFFFFEF9FDF9
FCF7000302FBFF02
0205FD0002020102
FE010102FCFCFF05
01F9FC02FCF5FC00
00FC02FD04F8FFF9
FD02FEFD01FC02FF
0203030302F9FF04
03F60302FCF5FDF8
FEFCFE02FCF9FFFF
FFFBFE0104010102
000001FC0101FD00
FF030100FD040002
02010102FE03FC02
020200FEFD020208
FF09FCFF02080005
FF060104FF0200FF
020403FDFF03FF06
02080000000B0003
FFFEFDFD00030302
0200FDFB01FCFE06
020AFC01FE050203
FD0503020107FEFF
FFFF0102FFFEFFFD
02030100FF03FC08
FE0101FF0107FE07
02FAFB01FF03FCFE
030002FCFDFDFBFF
FF0200FFFD01FE0A
FF06FC02FC040307
FBFFFC010005FBFF
FD05FEFF0105FE04
0000FD03FE05FE01
03FF02FFFD050207
0202FF03FD05FE03
FD0201FE0102FD09
FCFA010004FF0303
FDF6FDFF01F8FD00
FD000302FB02FD03
FEFE00FF00F90304
01FB0301FEF6FCFE
FD0003FEFDF8FBFA
0201FCFD04F9FF00
040800FDFEFF0003
FC000001FCFEFDF9
01FD02020100FDF7
0003FCFDFC03FC03
FC0303FF0300FEFF
04030100FE02FF02
03FDFDFDFE02FD01
FE01FFFE01FEFC06
0002000200FD0204
FE00FE02FF00FD00
FF00FEFF01FDFC01
FD04FCFF00FF0105
FD0003FEFDFF0103
FD010002FF02FF04
FC06FD000104FD05
FDFF00010004FD07
00FB01FF0100FDFB
010202FDFD06FC08
020001FD0006FE00
000101FE0003FC01
FC000101FC050000
FC04FEFE00F701FB
00FF010301F301FE
02010200FE02FCF7
FD0503FFFE0302FC
FCF8000201FA00FA
FFF9FCFF04F8FCF6
02FE0200FDFD03FF
FF0100FCFD03FD04
03FBFDFFFEF8FFFA
04FC00FEFEF9FDF9
02FC010302040202
0003FC00FE010008
01FC0002FFF80102
FDF7FD0000F9FFFE
FF01FE03FF01FDF9
00FEFE000100FB01
0200FD02FFFD02FE
03FE0001FCFC00FD
0101FDFFFC00FCFC
0005FFFF03FBFFFB
FFFD03FD03FDFE00
02F8FEFFFEF401F9
FE02FE0002FFFCF9
020301FB03FCFFFD
0205FC04FDFD0103
02030100FFFBFFFB
FFFE00FE040003FC
FD0101FE01FFFD00
010400010204FE04
FC04FCFEFC06FE07
00FEFF010204FD07
FDFDFDFF01FD0009
FE0000FB03FB03FF
FFFC02FF03FEFD04
0002FBFF03FF0009
FEFE010203FFFD02
03FDFE00FFFD02FE
FC01FEFEFDFB03F8
03FFFE02FFFC0301
020203FEFE010208
FEFE01FFFE01FE02
0100FC01FF01FF09
04FEFD010202FFFF
0002FF0102FE0201
FF04FF02FD02FE06
02FC01FDFFFF01FE
01FBFC040004FC04
03FC0200010103FF
FEFC0203FD00FDFB
000000FEFFFD0101
0302FFFB0202FCFB
04FFFEFFFCFE0003
FFFFFCFFFCFC01FD
00FF03FC0300FEFC
FEFF0202FDFC0301
FC02FCFF0102FEFB
0400030203FD0103
0009FCFCFCFC0101
0104FEFF010101FE
FF02FF01FF00FFFC
FEFEFF020200FC01
FDFB0203FFFE01FC
FDFF02FC02FF0003
FB02FE0101FB0104
0201FCFDFFFAFFFE
00040300FDFBFD01
0103FC0102FEFDFF
FE00FDFF00FCFC03
FF04040300F80406
FF0001FFFC0103FD
020101FE02000208
FD0902FCFC01FFFE
FD01FE03FEFE03FF
FFFC00FF02FEFFFB
030002FC01FFFFFF
FD05000003030300
00FF00FD01FD0300
0102FC02FF02FC08
01FF00FFFC0302FE
000100FDFD010000
FE01FEFDFDFA0000
000103FEFFFA03FB
0204FD02020000FB
FF03FF03FDFFFEFE
FEF8FC01FBFD01F5
00FE0000020100F9
00020202FBFCFCF7
0003FEFF020203FD
02FFFD0002FDFDF6
03FF01FD0102FC01
03FF0204FEFE0004
FD02FE01FFFFFF01
010101FD0102FDFC
FDFC00FEFD02FDFC
FE03FFFFFDFF04FA
FC01FF02FDFDFEF6
FCFDFDFF03F5FFF9
0000FC02FDFE04FE
01FC03FBFEF8FCFF
FF01FD0401FD01FF
00FFFFFC03FD00FD
0201FCFF00F900FE
FE0002FF01FBFEFD
000100FFFCFD0102
0303FFFEFFFB00FD
FF0802FFFF0102FD
FE0BFB030202FD03
0003FEFEFFFE0203
00FFFE0002FEFDFE
FDFAFEFFFEFE00F4
FDFF01FFFDFBFFFD
FB0103FD02030009
FF01FE00FFFA0201
01FCFD02FCFE0105
FE00030300030004
010801FC03030307
FF0300FD04FDFF01
FF00FDFEFFFE0000
000600FE02020204
04FFFCFC01FEFC05
FCFF02FF00FC0104
0202FCFDFFFFFFFF
FCFDFDFCFF030303
030102FDFF05FB04
FE02040101040004
0206FD010403020C
0000FEFE0200FE08
FC00FBFDFC03FF02
FFFBFCFD02FC0104
00FFFEFDFDFA0201
04030302FC00FD03
FD0103FF01FA0207
FDFFFDFF03FC03FC
0204FD0501FEFCFD
FD0002FEFB02FF05
03FCFC00000101FD
FE000303FCF7FC04
03FC000001FC02FF
FF00FDFCFD02FF07
0002FF02FDFE0203
FD040103FD02FD08
0102FCFD020CFC04
000102FEFE000101
FFFD01FEFDFEFF02
FC02FFFFFDFE04FF
FFFCFEFCFDFCFDFF
03030001FD0401FF
00020301FEFDFD05
FD0003FC01F8FFFD
03FBFFFDFCFB03FE
FDFE03FCFFF90304
0401FD02FF01FF03
0201FC0103F7FFFA
FDF8000103F602FA
0000FCFFFFFF0303
03040101FC020004
01FE00FFFCF801FC
01FAFFFFFEF601F8
02FBFE0300FDFFFB
0104FFFD03FF0100
02F703FD02FF03FB
00F5FEFC05F70401
FFFEFFFEFB0203FD
FD02FEFD00FB03FC
00FBFEFD01F6FCFC
FDFC01FB00F500FC
FEFFFD04FE00FCFC
FD030004FC010000
FCFAFEFE02FDFE02
04FB03FEFDF803FC
02FA01FEFBFEFD07
01000103FC00FDFE
05FC03FFFEFFFF01
FD00FE0300040102
FDFA00FD0105FEFE
040102FD000302FF
FF08FCFD02FFFFFF
FC0101FD02070201
01060201FF0AFEFC
02030103FC0503FF
FE0B020000FD03FE
FE0500FD03050103
040CFFFEFD070204
FFFCFCFCFB02FD01
0407FC010208FD08
0000FF00FC03FD06
FFFDFFFBFEFEFF08
FE0101FEFC04FF08
04FF02020200FD07
0302FFFEFF04FD02
FDF9FF020002FD00
0301FB03FFFF0001
0203000102010300
FC04FEFF020000FE
FC00FC00FF070000
FE0203FF0104FC02
FF0804FD02030101
FE01FD0000FC01FC
FE04FF00FD07FD07
04FA00000103FFFB
02010202FF020001
FE00FBFFFD02FF00
00FCFFFCFDFD0104
FF03FF0100FEFDFE
FE0201FC0204000B
FF02FF020100FE04
FC0201FDFD040205
FE010102FC01FF03
FEFF01FD00FC0301
FEFCFF00FF000005
FEFDFBFFFE01FC05
01FEFC0101FDFD07
02040302FBF5FE02
00FC0102FDFEFDFE
FEFFFD0202010105
FCFEFCFF010000FA
0302FCFDFDFDFF00
FF03FD0200FC0201
FD01FCFE03FAFD02
FD050003FEFE0000
FC01FDFCFE0301FE
03FF0001FFFCFDFA
FD01FD0201030305
FD01FB02FFFDFF03
020403FFFC06FD05
0003FFFCFEFE0306
010300FFFF01FF03
FC02FF000304FFFC
010502FEFD02FFFE
00FEFDFE0202FC01
0203FD020204FF01
0402FE01FF04FE05
FF0002FDFC0303FC
03FFFDFE02FB01FF
FD00FEFE01FC03FF
FDFAFE00FD04FF01
0105FE01FE000106
FB0303FFFF03FF06
FDFF01040208FD0B
FC02FEFF00040201
FC0102FF020001F9
030402FDFB0002FE
0306FDFF03050105
FE01FD0100FDFEFD
0403FBFC020303FA
02FD01FC0301FD03
040003FE010200FD
04FF0200FE0501FC
01FA0200FEFD00FF
02FEFFFE01000307
FEFEFF0301040101
0301FE01FC030007
FF00FDFE0000FF03
FF00FFFDFEFF0205
00FEFEFD00FF0104
00010001FC000203
FD0200FD0102FD03
FEFEFE020200FD02
FCFFFC0401060007
000502FDFE0302FE
FFFFFEFE02FBFDFC
FB00020000FCFCFB
FE0302FC0102FC06
00FE03FEFE03FB04
00FDFF01FF06FFFE
020001030300FE00
01FDFC00FD020104
03FD0002020102FF
03FFFB03FCFF01FF
01FE02FEFE02FC08
FF0000FDFD07FC04
FC07FCFDFE01FC05
FD0603FFFEFF0000
0207FCFDFDFF03F6
0304FEFF000BFFFC
030703000207FDFD
000AFDFFFE02FF01
FD08FCFD03070006
FB00FFFBFE0500FA
05FE00FFFB00FE02
FFFCFD03FD04FC02
030303FFFF04FE00
FBFAFF020301FD02
FD00FD0302FC0104
02FDFD02FC03FC09
FD0202FE02010004
0305020203060101
0002FDFF04000304
FD0301FEFF06FFFE
FF040004FE040204
FF09020300FF0002
00FEFF00FBFE01FF
FE0302FEFF01FCFF
01FE00FE0102FD03
FF02FCFB0005FD02
03FB0102FC07FD03
01FDFF01FE01FC05
0202FE03FF040003
FD03FFFC02080405
FFFBFF0000050206
FC02FDFE00010206
FD01FEFF0405FD06
FD0203FE0304FE0A
02FD01FD02020007
FE070301FF0501FC
FE0201FFFE030201
FF00FB0101020305
02FA03FF0502FC04
0103FFFE020102FB
FD000200FE0301FD
0405FDFCFF0501FF
03010303FFFFFDF9
FDF6FF050300FDFF
02FEFFFDFF0504FA
00FE01FEFF000201
0301010101030008
FDFE03FCFD04FC05
0003FEFF04030104
0200FB010304FD07
FDFAFF01FE01FE08
02FEFF00FD05030C
FD00FCFDFFFEFD00
FDFDFDFCFC02FC04
0201FCFEFFFF0008
FCFB02FCFD0101FF
0202010401FE00FE
FF03FEFFFE05FF0A
00FC02FF000302FC
FCFE03FD0201FFFF
FD00FE03FFFEFDFB
FDFFFD0102F9FF02
FDFFFEFFFF02FF04
FC00FF02FF01FD08
FEFAFC0401FEFC08
FCFEFCFF03010205
00020002FE0000FD
0102FD0003020200
FE01FD04FEFF0106
FE02020302FFFF05
000002FEFD03FFFE
030602FD0401FEFE
0205FCFEFD00FFFE
FF05FFFEFC010003
01FA020001FDFC01
FCFF0301FE010101
01FEFE030208FB03
0302FDFF0001FCFD
FEFFFC010000FF02
01040201FC02FF01
FF000002FF05FD0C
0101FF020101FE04
FE07FFFE03020002
FE0601020302FEFF
FC04FCFFFD06FDFF
0302FE02FF08FCFD
FF05FC0103FEFDFE
00050300FE0300FF
0001FD0103000008
FF060203FE05FE00
FD0202010100FDFA
0102FFFD00FFFBFF
FDFE01FC0201FCFF
00000303FE050300
FF020303FE02FD04
FF08FE0203030206
FC0202FE0201000B
01FFFFFD03FFFC05
0202FEFFFD0103FD
02FF020301FF02FB
0305FCFD04FEFDFE
FF0001FF03FD04FF
FF02FEFEFC00FE01
010101FBFDF7FCFF
00FEFF020301FDF8
FAF900FC00FC03F8
FDFFFD02FDF902F8
FF03010200FDFD09
FE04FD0401FDFDFB
0102000202FFFC00
FD00FD030202FB02
02FC010300FCFCFE
01FC02FDFC0500FD
FDFFFEFC00000302
0004FD02FF00FE0C
03FA0102010004FE
00FC0101FE010103
0401FDFDFFFEFF05
0204000000FEFE03
02F9FC04FDFA0206
FFFE000101FD01FF
00FE03FDFDFD020A
FD04FB0200FF0001
FDF901FD00FCFFFC
FEFA0102FCF9FFFE
0005FE00FEFEFE07
01040102FB050305
FFFCFEFE0300FDFE
030402FC0202FDF8
FD03FDFEFCFC0003
FCFCFDFF0002FF0B
FEF900FD0202FEFF
00F80302FDFFFE02
FC03FCFE0001FD08
000B03FF0005FB0A
FEFD030001FAFE05
01F90302FFFC0300
030001FD03FFFF03
FEFF02FCFD020205
FCFE0101FFF6FCFC
03F70000FDF10200
02FF020001FCFE00
FC04FF01FC01FEFD
FEFDFCFDFDFAFDFB
FDFA02FC01FAFFF6
030302FE0402FE06
FDFFFEFB0203FF02
00000301FCFF0204
FD0302FD0300FE06
FE06FF030205FD02
FC020001000500FE
0006FFFEFC00FF01
0200FD0000FDFF03
000502FFFC070009
02FBFD0003FF0303
01030205FD06FC02
0003FF000202FB04
FEFF020401FE0107
02FFFBFF0102FE09
0200FD00FB04FF03
FF0401FE00030209
FC0002FFFF04FF01
010003FF0201FC07
FDFDFFFFFCFFFD00
01FAFFFF02010200
FEFEFE02FDFF0002
FE02FEFF0101FE01
FCFEFEFE03FAFF03
FEFCFFFE02FEFE00
FEF9FF01FEF90105
FC0200FE03000305
FFF902FFFDFB00FE
FDFF00FDFEFD03FF
FF010002FE010103
FCFEFD03FCFE0101
FE02FE0302FF02FF
FE0102FDFFFB0200
FF03FFFDFF030106
0104FB04FEF801FE
FDFEFEFF00FCFF07
FBFC0200FFFCFD04
03FDFC01FE000001
00FE000101F80101
03FB030201F903FE
02FB0000FDFE0203
0001FD00FCF9FD02
FF08FE00FEF90101
FEFD00FE040003FE
0202FCFC03F80300
FF0001FDFEFD0001
020100FCFEFD0001
00FE030002FB02FB
0302FD0103FCFC00
FE03FBFD0304FCFB
01010301FE03FE03
FDFB0000FD02FC03
FEFDFFFCFBFC0205
FD040301FD06020A
FFFD00FFFDFEFF06
FDFE0001FEF80302
FFFE01FEFEF90100
FFFFFEFF02FEFD02
FC0503FFFF030208
FF030102FDFE02FE
03040201FEFE01FE
FD02FCFE03FDFEFD
0104FDFF000402FF
FD02FF0301FFFFFD
FCFBFF01FDFB0200
FCFF01010304FB00
000101FF020002FF
FC0403FE0205FDFE
0006FF0003000001
0102FF03FD05FDF9
010201FFFEFAFFFB
000002FE03FFFD07
03FF01FF00FFFCFD
0301FEFDFDFE01FD
01FE00FEFCFB0202
010102FDFEFD01F9
0001FB01FD00FD04
01F9FD0001FFFDFE
02FFFD0201060003
FFFAFD05FC030301
FDFE0102FF04FE06
000004FFFD030102
FE0102FCFCFF0203
04020101FFFF0101
02FFFF01FD0003FB
0200FD0401FF0002
0003FCFEFD000301
000102FE0101FFFC
0100FFFFFF0001F6
FC0803FEFE080103
FD0A02000301FC07
04FF02FD03FAFC00
FF000303FDFFFEFD
0205FD0202020103
FDFCFC03FDFCFE03
01FE010300FD03F8
01FF030102FDFD00
03FE00FB0003FC02
FF0203FC01000000
03FFFB02FDF7FD04
FFF40102FFF9FCFB
01010103FEFE0204
0205FB00FB01FF00
FEFD0202FDFC02FD
00F5FC0201F604FF
00FFFD02FE00FE02
01FBFF03FFFF0007
00FB010003FA00F6
01FAFFFE00F4FEFF
01FD03FE01FF0204
FFFDFDFFFE03FC06
FE0400FDFEF500F7
03FDFC00FDF603FE
01FE030200FB03F7
FC030302FFFDFF02
03FFFC02FFFD0309
FBFBFF0002FDFC09
0006FE03FC02FC04
FEFCFDFE00FC0109
FEFC0303FDFEFD03
FCFC03FFFEFBFF04
030101FCFC00FE0A
FD0103FEFF010004
FEFEFCFB03FEFD04
FF010002FFF803FE
00050003FC02FC01
0002FDFCFD020002
02FA010201FEFC01
FD01FC01FF00FE03
02FDFF02FCFFFF04
0000001B00000030
000000060000000F
0000001500000002
0000001F0000000D
00FEFF03FDFE0104
FE03FC07FB01FF02
FBFCFE06FDFF03FF
FC00030502FC0100
03FDFEFEFC020201
0501FEFA01FBFC02
00FD01FFFCFC0004
05FC01FEFE0000FC
08FD00FFFEFBFEFE
03FBFFF7FEFCFF00
0601FE0002FB03FD
FF03FF08FE02FF03
FEFF0303FCFCFE00
0301FD01FF02FF01
030101FA02FB0001
03FDFCFFFCFF0301
04FEFC02FBFFFDFE
0501FDFBFDFC02FD
03FB0001FFFCFE00
FE010103FCFCFF01
0500FF03FF0302FD
0401FF0200FF00FD
01FF0205FE000001
FE010008FF02FE03
0B010302FE020302
06FE00FAFD03FCFF
03FCFC02FEFF03FE
03FC0005FDFE03FF
02FF0201FE000301
0300FF04FB03FDFB
FE02FB00FF02FE03
0002FF0502010102
FEFCFC06FD020103
FBFF00FEFC0300FF
FEFDFF02FE0202FD
FCFE030300FE00FD
03FDFC0503FC00FC
04FEFD03FC01FDFE
00FC0101FE0103FF
05FC030501010202
04FF02FCFC020303
07FE030501FD0203
03FF0004FCFDFC02
0902030201FBFE01
02FCFD080102FFFF
0301010601010300
01FDFC0603FC01FE
00FE040902FBFCFE
010001FEFE00FCFD
FE0100FA02030002
00FF020400FD01FD
0501FF06FCFE01FE
FD0000FAFFFE00FF
FE0100F3FC0100FF
0102FDF700050302
F5FB02000002FDFF
F90201F900FEFDFC
FDFDFFF801FFFCFC
F8FE02F701010301
F4FE03F602FD0303
FFFDFCFEFCFE00FE
FDFCFEFF01FCFC04
FE01FDFF0001FDFD
FFFC00FE03010204
01FCFCFFFE02FFFD
0400FCFB020200FD
03FFFFFC030301FE
00FF00F8030201FC
FAFC00FEFFFEFCFF
0A00FCF501FEFCFE
04FDFCF6FFFD0000
FBFFFFFA020303FC
03FDFEF6FCFE02FD
000301F8FF040201
00FFFCEE01FC01FC
F90002F8FDFDFC04
FBFC0002010302FC
FCFCFCF9FCFFFCFC
030001FF0303FC01
FEFD00FE000002FE
03030201FDFE0300
FE03FD0102FC0102
01FEFFFB02FDFE04
0301FF00FEFEFE01
070100020100FCFF
02FB00FFFEFFFE00
00FF0005FDFCFFFC
05000104FC00FD02
01FFFEFA0302FF01
03FFFD02FFFF0401
0600FCFEFBFD00FD
05FEFF0000FEFEFE
0103FD0200FCFC00
0000FD00FFFF01FC
0103FE0000FE0103
FFFC0206FE020203
04FEFC0401030201
03FFFC020000FFFD
FC02FC02FC04FFFA
08FE01FE02FEFCFE
03FDFD0101FEFBFE
00FEFB0103060003
04FEFCFA030000FE
FDFCFB010300FD00
09050104FEFEFF01
F602FD01FEFCFDFE
FAFE01FDFFFDFFFE
FEFC02F6FE0401FE
02FFFE0000FEFC00
FE00FC09FEFB01FC
00FC030601FE02FD
020202FEFC05FF02
0300FC030200FEFF
FB03000503FCFCFF
010100FD03FD0001
FFFFFE0900FE00FE
020001FBFEFEFEFE
01FB0009FF03FEFC
0100FE04FB0100FB
0201FE06FD02FDFD
02FF0101FC010101
0103FF0703FE0201
0700030301FDFB00
0201FD07FFFF0300
00FF030803000003
FDFE020103020101
FB02FC03030102FC
FBFFFFFFFB0101FF
FF01FD02FDFE0204
FFFFFF06FCFC01FE
03FE000800FE0102
010001FF03FE0203
F6FE01060305FF02
010201F902FCFEFD
FAFC0101FEFFFF02
FBFDFEFD00FE00FE
F803FDFA01020103
FDFCFFF002FFFF04
0402FFF6FDFF0102
FCFC01FBFF00FF02
FEFF0004FC0001FE
FC02FBFE02FFFF00
03FEFFFCFEFEFFFF
0302FBFCFDFEFFFD
FFFE0005FDFD0202
FEFEFFF6FEFFFBFD
FFFFFDFE02FF03FD
01FDFC0200FEFFFC
FEFE0101FE030300
04FDFBF8FC04FDFC
FF00FDFB01040000
08FC00FCFD05FD01
01020101020202FC
FA02FDF8FE0102FB
FB02FDF403040301
FB0100F501FFFDFC
04FEFD05FFFEFC01
FCFCFDFB00FEFC02
FFFDFDFEFFFEFEFF
FE02FBFCFCFEFF00
FCFD0100FFFF03FD
FD02FF05FEFCFFFF
FF000207FD01FC00
FDFEFE0900010000
FEFD010800FF03FD
040003010304FDFF
09FD03050102FEFE
0601FF01FE00FDFC
01FDFD00FD030300
04010102FC01FEFC
0501FF02FFFE0100
07FF0206FFFD04FD
04FDFDFF01FB03FE
FEFEFF05030102FE
FF00FC0003FBFD01
FD00FC0102FCFE03
F9FC0206FDFE00FF
0200FF05FC0002FF
00FD01FBFF010103
F601FD02FC02FDFE
FAFCFE0403FA0303
FFFDFFFD0202FEFC
02FC01FAFCFB0004
FF0000F9FC00FD02
FF0200FB03FFFEFE
06FE03F6FFFEFCFE
FDFEFCF6FC01FEFC
FD0202FC01FF0302
0300FDFC0202FDFD
01FFFEF6FDFFFDFD
01FCFDFCFEFC0000
04FC0203FEFFFCFE
0206FB00FFFF03FF
02020004FE02FE00
FE04FE07000002FD
01FB0102FFFEFFFD
02FF01F70000FFFF
060100F601FFFC00
040002FFFCFF0001
06FAFEFE01020302
00FE02FD000102FC
F901FC020302FFFC
FCFEFC02FDFF03FC
FC03FCFCFEFFFF03
01FFFDFD0304FE03
FCFC0202FFFFFDFF
FDFE011203FF02FE
0602FD070103FD00
FAFF03FE0201FFFB
01FFFB0002020202
FBFDFCFFFB01FD02
F401FC0202010101
FAFFFC04FD02FD00
06FDFD00FFFB01FF
FF0102FCFD02FBFF
F6FDFD08FDFCFE01
FDFDFC02FFFC00FE
020202FDFE020204
0101FEFF0100FE02
00010102FD02FEFF
FDFDFE02FC0000FD
FEFE02F602000003
FF02000001FCFF02
01FE0002FDFF02FE
FC01FD06FD02FD00
0001000201020300
FFFA01F5FF0002FF
FFFA0103FCFE0304
F7FCFC06FD01FFFC
01FD02F8FF000301
01FFFCF5FF00FEFF
FAFDFC00FFFF00FD
FCFF0006FEFCFCFE
05FFFFEEFDFDFEFE
FEFFFCF7010200FE
FE0100FA00FBFF04
0300FE050102FDFD
FDFF02FD02000102
02FB01FB03FE00FD
0002FDFB02000200
02FEFF02FFFEFF02
01FE00F1FD010001
04FF02F8FDFDFFFD
05FEFE0102FEFF03
0502FF04FCFF01FF
020002F5FE02FF03
05FFFCF0FCFB00FE
01FF03FCFF040001
02FEFDFEFCFA0200
FC06FDF90300FF01
0303FCF003FF02FB
FBFC02F801FCFEFE
0103FF060202FE03
05FDFB01FF02FD02
FD010200FD01FC01
010300FCFFFC01FF
0002FCFBFE000300
04FEFC0202FEFDFF
FA0200F9FCFEFDFE
02FE00FCFF010002
FD02000001FCFCFF
0801FDF802FEFEFD
FE00FBFA00000003
FAFC03FEFFFC01FE
FDFD02FAFCFC0204
0003FEEF0102FF02
FFFF00EF02FEFFFE
FAFD02F7FDFDFEFE
FEFC03FFFFFF01FF
FF02030400FDFDFD
01FBFBFA000202FE
FBFD020101FC0203
FCFCFD0100FEFDFE
FAFDFF07FF0300FE
00FFFF09FCFD0200
FBFFFD08FFFA00FC
02FFFF0101000100
01FFFEFDFCFD01FF
03FBFB04FF0000FD
00FBFF05FDFFFE02
0701FFFD00FEFDFF
03FDFE05FE01FCFC
04FDFD0503FFFF04
02FB010002000301
FEFE00060200FFFF
FEFDFD02000100FD
04FDFD04FEFDFD01
FE01FF0700FC0102
0501020401FD0201
00FEFD00FBFCFD03
FC0001FDFC01FE00
FFFDFC05FF03FE00
FF02FEFCFF00FD00
FDFE00FAFD020300
FCFCFCF700FDFE01
F9FCFDFEFE04FE00
FB0501FB00FE0103
F504FEFA04FBFDFB
F80101FBFF030300
FBFC02F7FFFF00FE
FCFDFF0400FE03FF
FEFD00FEFEFD00FF
01FFFF03FC02FCFD
03FF00FDFF03FF01
00FCFD0700FEFF01
FDFCFE0104FD0001
FAFAFCFF02FCFFFD
F8FCFD06FDFE0101
FC0103FD030102FF
01FF02FA02FC0000
08FDFDF4FE0100FD
FC0203F8FC000102
FA00FF0000020101
0700FCF302FD01FE
040101F20201FFFE
FEFE00F7FD00FE03
FAFF010002FDFEFB
03FC00F70000FEFE
00FBFDF6FDFDFDFF
FEFC00FCFE020203
FD010001FFFFFE00
FC010302FDFC03FC
FFFEFE0400FB0304
FEFF0204FFFDFEFD
00FF0204FCFBFEFD
020001FFFC00FE00
00FE000301FEFF01
04FDFE05FF010100
00FB020903FFFDFE
06FCFBFFFD0103FE
03FCFEFF01FEFD02
FFFB01FCFF01FE04
FC0102000003FF02
FDFDFE02FDFEFCFC
FFFE000300FBFC03
04030005FDFCFCFF
FFFEFEFD00FBFCFE
FA04FFF303FAFFFC
FA020300FD000101
0500FCFFFCFF01FF
00FCFEF8FD02FEFC
0AFFFDEE0002FC03
03FD00F602FDFDFD
FBFE00FF0102FDFF
FAFAFDF7010200FF
FF0001F40306FF03
FEFCFDF80004FD01
F40102F801FDFFFD
00FBFFF9FB00FF02
0302FEF9FDFDFC03
FDFFFCFBFFFC02FD
FD00FFF802FCFCFD
FD03FF04FCFCFCFF
0402FB0401FB01FC
0102FF03FC01FF02
FD01FC00FDFE01FD
02FEFE03FCFF0100
06FCFE04FDFC0202
02FEFFFEFDFE0100
0AFEFF0100FDFF01
0804FFFF00FEFDFD
0000FC06FF01FD02
08FC020002FB00FC
03000202FC00FC02
FC00FB0001FB00FF
04FD0000000100FD
FAFCFD0AFC04FCFC
030300FE00030001
FDFC0001FDFFFD02
05FF02FA00FD04FD
FB02FDFA03FDFF01
F901030203FBFE01
08FE020403FB0003
0B03FEF9FD010001
06FF01F7FF03FCFD
FB00FD02FCFDFD00
07FF0006FEFF00FD
010401FF0200FE02
FC0101FBFCFC0300
FDFDFFFE00FFFC00
03FF0202FCFEFFFD
FDFBFCFDFB000201
FEFE0208FF00FF02
0100FF03FF0102FC
FF0101FF02FFFC04
0102FFFF020000FF
FDFCFFFB01020201
FFFD01FE010500FF
FEFE01F9FD00FCFE
0202FCF0010303FE
FFFD00EB03FCFD01
0104FD01FCFE0302
FCFC00F6FC010003
FDFAFFE9FDFDFCFE
FE0003F2FC03FD04
F70002F302FD00FF
FD02FFFDFE000001
01FDFCFE03FCFDFE
00FE00FEFFFDFEFE
FDFEFB02FE02FF01
FB0201F4FD0000FF
FEFFFEF503FC0001
0404FFFA0101FE02
09FC03FC00FF0201
FDFD000203FD01FE
05FAFEED00FCFDFD
000101F8020203FF
FCFDFDF4FDFE01FE
FDFC00FA010301FC
FF0201F1FD000101
FDFFFDEDFCFCFE03
FE0002F60300FF03
FDFC0001FB02FBFF
FEFE02FD000000FF
000303F400030003
FBFC0000010401FD
01FD03FB02FDFE02
09FEFCFC0000FD01
0002FDF8FCFDFFFC
FEFFFD03FD0501FE
00FBFCFC03010202
0602FDEFFFFB01FC
06FCFFF201FBFCFF
FA00FEFE02FBFDFC
03FFFCF901FD00FE
02FDFBEE03FB01FC
FF02FFF503FC02FB
000201FB03000000
0100FE09FFFC00FE
FFFD0209FD02FBFD
02FEFD06FEFD00FE
FAFBFE06010103FD
FE01FB07FEFFFF01
FDFDFDFF0200FFFF
FE00FF06FC030101
FEFFFC0AFEFDFE03
0101FD01030202FE
04FE0301010202FE
03FC020700FCFC01
FBFFFF060203FFFE
0401FCFFFFFC0104
FEFBFE05000303FE
FEFFFE03FF0200FE
0201FD05FE030301
0200FC000103FDFC
0402FC05FF0002FC
FA010202FFFC0200
00010305FF01FC03
0103FC10FCFDFFFF
FCFCFC07FEFC03FD
FE01FC010202FDFD
0301FB0500FAFD03
FCFF0106010201FE
050200FA00FCFF02
FFFD01F90203FDFE
FDFC0107FD05FF01
FA02FD00FD01FFFF
0203FDEBFEFDFD01
FE0003F10002FEFF
FAFC02F903FB01FD
FCFE020802FFFE00
0800FFF9030204FD
02FDFEFD0203FC02
01FE0200FF01FCFC
0300FF04FBFD03FF
FD02FE020100FC00
0001010100FE0302
FC010003FEFCFF02
FFFE01070300FEFD
01030201FDFF0102
050101FF030003FC
FFFFFF09FE030101
0502FEFEFE0304FE
FEFEFDFEFCFCFD00
FFFFFF01FDFC0300
FD03FCFEFEFC01FD
0503FEFE0102FD01
00FDFD0100FE0000
01FCFC02FDFCFE00
04FD0209FFFF0104
FF00000700FDFC05
01FF02FA03010203
FD0203F2FDFDFBFF
01FEFEFFFEFD0000
02FC01030000FD02
050001F00200FCFB
02FDFBF1FF0300FC
02FBFFFB0300FE01
01FD01FDFBFEFE02
FEFCFFF103FDFDFD
F7FF02F8FC02FD00
FA0403FBFD0100FC
FEFD010601FBFE02
020102FC010101FE
0402FDF50101FF02
FD03FDF9FC0000FF
FFFBFC05FDFAFEFC
FDFD00FF00FF02FF
FAFAFCFBFDFE00FD
02FE010303FBFEFC
03FCFE01FF03FC02
06FAFBFCFDFEFC00
01FFFEF7FE0102FF
06FB00FFFFFBFFFD
FCFF0003FE03FDFE
F305FCFA0201FC00
FC0103FFFDFFFD00
0401FCFDFEFCFC03
FCFFFFFDFBFF0301
FE01FC010300FCFB
00FD0104FD02FC01
0300FB01FDFC01FC
00FDFD08FEFEFFFC
FCFE00FCFFFEFC00
FE0203FC03FC02FE
FF030100FE02FE00
FDFDFDFA01FB0401
030301F9FFFE00FE
03FD00FAFDFBFC00
FBFE010202020201
01040201FCFC01FD
FAFBFFFCFC01FD01
FAFEFB0100000001
FFFEFF00FFFD0200
0200FD03FCFF02FE
0402FF0600FDFD02
04FEFD06FCFC02FF
04FE03FFFDFEFE03
00020203FF03FD03
FF03FC04FDFFFD03
FD03FCFE02FCFEFF
05FD020203FE03FD
02FF00FD03FE01FD
FFFA02F7FF050300
0202FCFDFF01FCFD
FCFE00FB0004FEFF
F7FCFFFB0002FE01
F502FEFCFC02FDFE
F4FDFD05010000FD
F50203F60104FE01
01FDFEFCFDFEFE02
FEFFFB030200FBFC
03FCFD03FD000102
020102000104FCFD
F9FE02FA04FDFF01
FC0201F7FD01FC02
FD0303020001FCFE
FDFE02FE0101FDFF
F803FB030102FE01
FCFE00F8FC03FCFD
F90302F9FE010000
F7FDFF09FD030000
FA01FFFBFE0000FF
FA0401FA0001FDFD
FF00FEF0FD01FDFD
010201FF02FD0203
02000002FD0000FF
FCFCFDFDFD00FC02
0302020100FEFE01
02FF00FBFFFD01FF
0203FB03FD0203FD
0001FBFDFDFEFD00
FFFA00FE03FCFDFC
01FB010103FCFDFD
FC01FFF701FEFDFE
0502FEFAFD0500FC
010102FE02010101
010201FB0301FC03
02FD01FC020501FE
FD01FFF7FD01FE03
F501FEFCFFFC01FD
FE0000F8FEFD0000
000101FEFDFDFC01
0100FD0600FD0001
00FB01FEFE03FF02
03FF00FEFDFFFDFB
01FD02FE0200FFFC
05FDFCFBFE03FC02
FE03FB01FDFDFEFE
FF01FEF8FCFEFEFF
FFFE00FA00010102
05FC01F2FD030202
030101F8FB00FEFC
FAFDFDF4FD0000FC
F702FEF3FC050000
FB04FEF7FD0103FC
FC0203F8FE01FB00
FAFF00FB00FF0202
01FFFBFBFEFFFF02
05FC0300FCFF00FC
00FFFDFDFEFFFDFF
FDFFFFF9FFFBFDFC
FCFC000400FDFE03
FAFCFB01FD00FDFF
FE02FE02FDFDFD00
FCFF0001FDFFFC00
FBFBFDFDFC00FCFD
03FE01F803000100
030201F8FD03FFFC
FB02FD00FEFD0000
00000001FEFDFCFF
010000FDFFFB0204
FE00FFF8FEFBFEFE
FC000001FBFB00FC
FF03FC090201FDFD
FFFFFD02FDFCFFFE
00FD0200FFFC0200
01020001FE02FCFD
0600010000FF0000
04FD000502FC02FD
01FFFEF9FFFE00FF
FEFC000002FE01FC
00FEFCFE01FE0302
030002F6FCFA0202
030102FCFE020000
05030408FE02FFFC
020203FDFE01FC03
06FFFEF8FCFEFD00
01FC03F9FF01FF01
08FFFD090100FF00
FF01FF05FE0000FF
FF03FD0BFD0002FF
02020204FDFDFF03
FFFBFF08FFFC02FE
FDFB03FCFDFFFD01
0002FCFBFEFD01FE
FE0103020202FE00
0403FEFC02FE00FB
FDFBFD00FCFF0301
060101F10100FEFF
FD01FFFB000201FE
01FD02F20204FDFC
02FF01FD01FF0301
020301EBFEFFFDFF
F80300F1FCFC0201
FAFF00F500FDFF02
FE0202FFFEFF0001
02FD00FA01FEFC01
07FCFFF7FCFC0003
F600FEF7FD02FE04
06FD01F900FDFDFD
07FE0000FBFEFFFF
000001F901010104
00000207FDFE01FE
02FE01F903FC00FC
07FDFDF9FEFC01FD
08FEFDF401FB0200
FDFF000201FCFF00
00FD03020202FFFE
0201FFF8FDFC0100
01FCFCF7FEFEFE04
0502FF0100FDFFFD
FEFD0204FEFEFE01
01FEFD0701FF0202
0100FC05FE020300
01FBFC09FBFCFFFE
FE01FDFC0102FDFD
0301030500FC0300
FFFF01FFFE01FF01
01020101FBFF0001
FEFCFC010002FCFF
0604FE03FF030203
0101FE02FEFE0100
0201020AFEFFFC02
0903FF0203FC01FF
01FF03080002FFFA
07FEFD06030103FF
03FDFF040001FF01
FE01030701FCFD01
0201020702FCFF01
FDFBFB04FE0101FD
0000FD0201FCFFFE
0402FDF9FEFDFEFC
FDFFFFFD03FFFE00
00FEFC0501FEFEFF
0502FE0700FD00FC
FC00FB06FCFBFDFD
FEFFFD02FFFEFDFE
03FF02FCFEFE04FD
0501030B01FBFDFE
010400FEFCFE02FE
06FBFF03FD03FFFE
0102FF0203FFFEFC
00FEFD02FEFC02FD
00030002010001FB
FFFBFD03FC01FDFF
03FCFF01FBFCFCFE
FDFDFE0002FC0301
FE030102FD04FD03
FD01FC01FC02FC03
02FD000602FF0204
0303FE0102FE02FD
F8FC03F7FD040202
FDFE03F1FD020003
FF0202FC00FE00FD
F801FC03FD0502FE
FA0302FB01FD0100
FB0300F9FF03FEFE
FBFCFCFB0003FEFE
FB02FDF000FF01FF
FC01FEFEFE00FE01
0102000201FD00FF
03FE01FFFD01FFFE
F80101FF00FC00FF
FCFF000600FA0300
0000FE03FDFDFFFE
FAFDFE080102FC01
FFFF0302030002FE
06FD01FF03030101
0202FF0600FE0401
FFFDFDFFFDFFFE01
02010009FDFFFFFD
0201030502FDFE00
0A03FC06FC0004FF
07FBFC04FFFE0001
0A00FF03FB01FD00
0401FC01FCFD0301
00FDFDFDFFFCFF02
08FD0003FC00FCFC
00FFFFFF01FC0300
FF00FB040200FDFC
05FCFEFDFBFF01FE
FB010001FF03FCFD
FAFDFC0501FEFF01
05FEFCFF00FFFEFE
000003FA000001FF
01FCFDFF02FC0302
FBFC00020301FD02
05FFFF01FD010303
0402FEFFFE01FCFC
FFFEFCFD0103FF02
F8FC0102FF03FC00
0101FC05FB000100
05FEFD01FC010201
04FEFF03FCFF0202
FD0102FD03FEFE01
FE03FF01FFFC0002
FEFF000A0203FE00
FA01FD020200FFFC
FD020106040100FF
07FEFD00030300FF
0502FFFD020102FC
040001FE01FFFEFE
03FBFC09FD0202FC
04030201FDFFFE00
07FDFD010002FCFD
0503010001FFFF03
0701000101FE02FE
02010001020303FE
000104FB03FD0002
03010105FC0200FE
02FCFC05FEFBFD00
04FE01020101FEFE
02FDFC0201FEFD00
0401FDFC01FCFC00
03FB000DFDFF0103
0703000201FEFE03
FC02000302FEFCFC
FC00FF09FCFD01FD
06FBFC09FF0003FB
07010001FFFDFE00
FE0201FEFC0303FB
0400FDFFFF0001FC
0702FFFCFDFF0103
050003010103FCFE
FCFF000400FD03FC
0000FF0702050202
FD010006FC01FF01
FDFF02FF01FCFEFE
FDFE020701FEFEFD
FEFEFF03FFFFFCFF
FDFE030703FDFDFE
01FDFEFFFDFD0200
0100020601FDFDFD
03FCFF00FC02FC01
02FE0209FDFAFD02
01FDFF01FF00FE01
02000200FFFD01FD
0100FC08FEFB0100
0502FD07FCFC02FD
02FD0304FE0103FC
00010204FFFD0201
FCFFFC09FCFF0202
0002FD03FCFDFFFD
F9FFFC03FC0004FE
FB010004FFFDFCFE
F903FF05FDFC02FE
F7FB0204FDFEFDFB
0002FE0103FF02FF
0900FC02FF000002
05FEFC0803FE02FF
05FCFE09FDFD03FC
0BFDFDFFFC03FD00
0501FE05FC0001FD
0BFB0205FFFFFFFE
0800010600FEFFFF
02FF0202FFFCFEFF
07FC02FE03FEFC02
FFFB01060302FEFB
06FE000A010101FC
FF000306FD0101FE
F9FEFC070302FC02
F9FAFF06FD03FD02
F503FF0201FC03FB
05FE02FFFD01FF02
01FDFF0101FCFF01
00FE000502FFFC02
FD00FE020203FDFD
0101FF07FC01FDFE
09FB0002FEFFFDFD
07FC03FFFC00FB02
0203FCFD00FD02FC
FBFBFF00FDFE0203
02FDFB05FD02FE00
03FDFCFAFCFF02FE
02FB0004FFFF0004
FF000204FC01FD02
00FEFE03FFFF0303
FBFE03FF030400FD
010001FD0103FE02
FEFFFC0B020204FF
01020303FEFEFD02
FF0003FFFEFF0200
FEFDFE010002FE01
05FBFF04FDFFFD05
04020203FC0001FF
0500FE03FD0001FE
08FD0103FBFEFEFE
000100FFFFFF03FF
FFFDFC0AFEFD03FF
FFFD0103FFFCFFFD
FE00FC0101FDFE00
0004020301FEFD01
030203FA03FF0204
00FFFD020202FD00
04FCFF0502FF00FE
FCFE02FB0102FD00
04FF0305FFFEFF02
FEFF00FCFEFEFDFB
04FEFD010000FEFB
FCFCFFFEFB00FD00
01FE020101030001
04FD010103FD00FB
02FC020003FC0104
03FBFD0703FD0301
FBFD01070203FCFE
FBFDFF07FC02FF02
0103010000FE0002
05FE00020102FEFF
FF0001FEFCFD00FF
FD0102F9FF0002FE
03FA03FFFB04FBFF
FBFBFEFCFFFEFFFE
FF0302F90101FEFC
00FEFDFC01FEFE00
05FDFCFE00010101
FC04FEFCFBFFFC04
F501FD01FFFB02FC
F4FEFFFFFDFFFEFF
FBFDFEFA02030100
FE00FE09010103FD
FF01FD04FE01FE01
FB02FD05FE00FCFF
FCFD01FDFC020102
F9FBFF03FE02FFFC
0000FE00FEFC03FD
03FE03FE010402FE
00FD01FEFE04FFFE
F900FF0703FEFDFC
03FDFEFA02FBFF01
01FEFFFC02020300
FFFDFC01FC040001
FE0000040003FCFD
FEFE00F50304FF04
FEFCFBEDFB03FF01
FA0102F7FD0001FE
FE03FC07FD03FCFD
02FEFEFFFC01FC02
0701FFFEFC03FFFE
01FC00FAFEFEFE03
FFFAFC0001FF0302
0700FD010002FD00
00FB03FC03FDFEFD
FBFBFF0500FF00FE
F900030900FE0301
000302FE00FD0105
040202F0FCFF01FD
00FEFEFD0304FE02
FD00FC01FFFD00FE
03FCFEF0FCFEFC01
FF0001EEFF03FFFE
02FC02FAFCFBFFFD
FC02FE01FE0302FF
000202FEFEFCFCFD
0302FFFC02020103
FEFE02FDFFFDFEFD
03FCFD0603000101
05FC0000FCFC00FC
FE00FE04FDFFFD04
0202000402FF0302
04FDFB020201FEFC
02FEFBFFFD01FD02
05FFFE0202FFFCFE
01FCFC00FFFDFEFD
020301FE02FFFE00
0301FC060303FCFE
08FE0103FD0100FE
05000303FEFE0201
FE03010603FFFDFF
08010304FDFF0101
FBFF0303FFFE0101
FD000308010204FF
00020203000101FD
00FC020403000103
04FCFF0701FF02FF
FCFEFD00FC00FC01
F9FFFD05FDFC00FE
010000FDFDFFFE03
FBFDFCF6FFFDFF04
FDFC00FD030002FD
FEFD00FAFFFD01FC
FF0301F000FAFD02
FFFCFCF301FF01FF
FFFDFDFBFE00FEFF
000201040201FFFD
01FBFDFA00030002
FEFBFB02FDFE0102
FCFBFFFF000202FF
00FCFFFF01000201
FDFDFE07FE04FEFD
FF02FF0001FEFBFF
0201FD03FEFE0000
FBFEFDFA01FF0303
010002F9FF000102
FEFF02F6FFFC00FE
FAFCFF00FDFF0102
FDFCFDF6FD02FEFD
FDFD00F4FD02FC03
FD0101F7FDFE0300
FD0101FFFC0103FF
FFFD02000100FD00
F901FFF8FFFBFD01
01FD03FDFEFDFC02
00FD00FB010101FF
FBFDFE05FCFEFF01
FBFD0209FFFEFC02
00FEFF000001FE02
F9FD0209FDFF02FD
F9FD010300FDFEFF
01FDFDFB01020100
05FDFDFDFFFE0003
FCFB0003FCFCFC00
FAFD0206FB0303FE
FBFDFDF5020002FB
FE0003FA0301FD01
FFFC02F9FE02FCFD
FDFEFFFDFEFFFCFD
02FB01FAFFFDFF01
FEFEFF00FDFFFEFD
0002FD0402FEFD02
0103FE03000201FC
FC020306FCFF0100
01020300FEFDFBFD
04000004FEFEFEFF
08FCFE00FC030300
020002FDFFFFFEFF
050301FF03FE00FE
02FD02040102FFFF
0804FC00FFFB03FC
FB01020401FE01FC
01FFFD02020100FE
03FEFE01FD02FC01
02FFFF04FC03FEFB
03FEFC05FD0300FF
FFFEFD01030002FF
FFFD010602FCFCFD
FF03FD080201FF02
01FD02FC00FCFDFB
FF00FBFA03FC0201
FF01FD05FC0302FD
FD0101F9FFFCFF03
00FDFC00FEFFFDFF
0102FCFE0102FC00
0402FB020202FF02
F60403FFFFFC01FB
FB0001F801020101
01FAFEF800000300
060300FE01FCFDFC
FF01FCF700FDFD03
FEFCFEFFFDFDFFFE
0602000202FF0002
00FE02FF0202FCFF
FCFEFDFEFB01FF03
010201F500FC0102
00FDFF0002020003
05FFFFFDFDFFFFFD
FBFCFD0301FC00FD
0500FEF001010001
07FEFEF1FF03FE03
FFFDFBFAFDFDFCFC
00FC0202FEFF0003
0401FBF0FF03FD04
05FDFDEAFEFCFD03
FBFA01F901FFFE00
01FC0201FF0303FE
03FDFFF501FCFC02
090200F6FDFFFE00
0002FEFEFB04FC03
0201FDFEFEFC02FD
020203FE01FF03FF
FE03FDFE0103FB03
FB00FF05FC0101FD
0101FCFFFD000301
FC01FFF6030303FE
0304FEF8000202FF
FC0001FD02FEFEFF
FDFFFCFF00FD0101
03FDFFFE03FC0202
06FDFCFC03FB03FC
FCFF000103FF00FD
FEFF020803FFFCFE
04FD00FFFDFC0001
FDFDFEFD00FCFDFF
0102FF04FCFDFFFF
FFFFFFF80000001C
00000004FFFFFFE8
FFFFFFE10000005A
FFFFFFFAFFFFFFEE
FE0206FAFEFF02FB
FCFF00FEFFFD01FC
FF0205F801FAFCFA
FFFF04F803FE03FB
FC02050200FD0102
FDFBFD0801FFFE06
00FCFDFFFCFFFEFF
01FD0200FD06FBFF
FD02010504FF0002
03FFFA0902FDFC05
0102FF03FE00FC02
010107FF04030102
020306FBFF03FFFD
FD00080400090200
00FE0100FDFDFE01
FFFB020103F70300
0100FE02FC000103
0100000000010305
FF020300FD00FB04
02FC04030108FC0A
02FFFE00FE02FE05
00020705FD010200
FFFD00FEFE0002FB
00FD06FBFE060002
0203FF07FDFEFF05
FE02020302FF0107
01FF0000FEFBFE03
FF02FE03FDFC0202
01FE0803FEFCFDFD
FF0307020201FEF9
000003FDFF0202FD
02FE06FE020200FC
FD0006FDFC0002FF
000200FC02FEFCFD
05FE02FDFC03FCFF
03FF01FCFF00FE01
01FD0003FF060103
0200070100FD0209
FDFF050103000403
0401090000040308
FC01010202FE0206
FBFC0507FD030104
FFFD05080101FF00
02FE0506FC00FB0D
00FB010000FC01FC
FFFD05FF000601FA
02FEFEFEFE0103FC
FB0102FE020202F7
FD01FD0303F601F7
FCFFF6FF00FD01FD
FCFDFC03FEF8FE01
02030204FFF900FE
01FDF7FB01FB03F9
FCFBF3FEFBFA02FD
02FEF003000100FD
00FEFBF7FD0301F5
FEFDF3F6FF0203F9
FCFCF7F7FC03FBF1
FEFBFFF4FE0501EE
04FEFAF300FD01F9
0100FEFCFDFFFDFE
01FCFD030105FDF9
00FC03FD0000FFFA
03FA010200FCFD02
02FEFBFEFBF9FBFE
0202F707FEFEFF05
01FCF8FEFCF70207
FC04F5F7FEFE0204
FEFEFEFE020200FD
FFFDF20500FCFC06
00FBF104FCFDFF02
0302FCFE0302FFFB
FDFFF3FEFF0101FF
FB00F1FF00FF0003
FDFCEE0301FC0304
0100FD02FFFAFD07
01FDFEFDFDFCFD02
FFFFF9FA00FAFDFF
FD00FBFD01FC0102
000207FA02FAFD04
03FC06FFFE010201
00FD05FDFD0104FF
FEFE07FC03080105
FF0206010003FD08
FF00FD000207FB02
FCFF0203FE00FD01
01FBFFFDFDFF02FC
FCFA0506FF05FE0D
FDFEFBFD0300FD01
02FE03050200FEFD
FE020105FCFAFE00
FFFDFC0300FAFC0B
00FDFE01FEFD02FF
FEFCFE01FF0200FA
FDFD020403FFFEFB
FEFD0904FF0800FD
FEFD0609FF030106
FE00FEFFFDFDFEFA
FF04FB02FFFCFFF8
FC00010701020103
0401FD01FF04FC0C
0307F500020201F2
FF03FEFF010200F5
0400020202FEFEFF
FEFDFE06FFFD0206
FE0200FDFF04FEE8
000103F90203FDF1
FF03FCFDFF0103FC
0001050401FEFC03
000205070301FFFC
00030807FCFEFDF9
02FCFF01FC040208
0000FE02FE03FF0D
FE0005F8FE020301
FF01FAFD03FEFE08
FE0303FCFCFFFE01
02FD00FC00070108
030005FCFFFCFE04
FEFB03000300FEFB
03FA0902FC02FC04
FE020500FD04FD09
FDFD0E0200020106
FD000701FFFC0305
FEFE0003FFFC0206
FD0202FD0005FFF8
02FE01000202FEFB
02FE00FBFFFD01FA
04FEFEFEFF0202FD
000402F8FFFB02FD
FD00060403FE0300
04FCFCFE00FE03FC
01FEFD00FDFBFFFA
FCFFFE02FC03FCFB
01FCEDFEFFFFFD07
FD01FAFDFFFB000A
FD02FCFA03FCFD00
02FAFB00FDFAFB03
0302E8FEFEF40202
FEFBF1FCFEFA0203
FEFDFAFBFEFD0101
020202020302FF05
FFFEFA0403FD0008
FDFC040103FDFB06
FDFE0200FD01FC08
FB0205040104FF06
01FFF800FC02FEF8
01FCF700000100FE
FF01FE01FF090202
00FD0103FCFF0306
FCFEF30600FE01FD
FD02FC03FDFA02FC
00FDFA04FDFE0305
FFFCFFFFFDFC0105
FE03F501FCFAFDF0
0104F2FCFE01FFEF
FDFCF8FCFDFDFDFF
FE03010201F7FF07
0302FC0701F9FFF5
FFFCF90400FF03FA
FDFCFCFEFCFF03FC
02FA02FFFF03FFFE
FEFD00FC0105FCFC
FF0205FCFC0200FD
00FD00FD01FEFDFD
FEFC06030002FEFE
FFFDFA01FDFD0004
03FB02040300FC03
00FE01FBFCFDFD09
030408050201FC06
030107FEFD01FC01
0000020504FDFC02
FF0202030002FF06
01030001030000FF
FB0105FCFD0303F7
00FE08FDFBFEFDFF
01FC01040302FEFB
FBFDFCFD03FF02FA
FE000000FDFEFD02
010000FBFEFF0304
02FDFEFA02F9FCFC
01FC050100FE01FB
FFFFF801FB00FF07
02FEF5F901FD0203
0300F9F7030001F9
FDFEFA00FB000104
FDFEF8FBFCFEFF09
01FEFCFE02FEFE06
01FCF800FCFFFE06
FFFD040500FFFE08
03FCF70102FDFD07
FF0006FEFC00FD07
000209FFFDF80004
02FFFF0501FDFE09
0300F707FE0302FA
FC03FB0402FDFD02
FCFC01020102000B
FDFBFBFC01FD020A
FDFEF40503FDFBFB
01FEFA04FB00FCFC
FD01030703FDFF11
01FFFFFE00FE0000
01FE01FAFDFE00E9
000102F90003FEEE
FF00FC00FEFCFB07
01FDFC0004FD02FE
03FF08090100FCFC
00020C02020003F9
00F90200FD040306
FB0403FD01FCFEFE
FDFF05FD01FFFDFF
00FC03FA010001FF
0203FDFD02FFFEF6
04FD000103FF0203
02FBFC070200FF06
FE02010103030303
FC0402FDFEFE02F1
03FB0A040105FC01
01FEFFFA000100FF
FDFB09FAFDFFFE01
0102060303FC0205
04FB0C03020600FB
FF02FAFEFF01FC05
04FDFFFA0003FF00
01040802FCFF02FE
FCFE09FD03F8FFFB
FD02FD00010000FB
FCFDF5FD00FBFCFD
FE00FAF9FEF9FBFD
FC0007FDFF00FCF9
FCFFF50602FE0104
FC01F00903FFFB01
FD00FEFAFEFFFFFA
FEFC04020206FBF8
FB02E90104FB0101
FFFEF600FFFDFDFF
00FDFFFBFFFBFFFC
00FD040402FB0202
0302FB02FCFEFF03
FCFF01FB01FD0201
FDFF0201010100FE
02FEFDF7FCFC0200
03FCF1FE02FB0301
01FEF3FDFDFBFEFF
02FFF704FEF9000B
FFFB010401060202
0101F50203FFFC00
02FDF00603FE0301
FF03F9FD0001FE03
02FE00FF01000108
FD02F6FC0203FE00
0201EE04FDF60201
FF01FCF901FB0104
FFFF01FE00FD00FE
FC00FEFA02F901FE
FF0101FF0001FBFB
03FD03FEFD02FEF9
FE0301FA00FEFFFF
00FEF90203FCFCFF
0203F7F902FAFFFF
FD05F6FAFCFDFC07
00020100FCFEFCFD
FE00F305FFFAFD06
FEFFFA06FCFAFCFC
0201F4FDFCFBFE03
FFFF0001FCFC0305
00FEEB02FFFD0301
FD02F401FBFBFE03
FC01FDFAFFFCFCFD
FEFCF7FAFD01FD04
0100FDFC00FC0006
FE02FDFE03FA0105
FCFE00F8FFFFFDFC
01FF01F8FEF80200
020107FCFE0101FC
FEFC09FAFD0200FD
04FF06FDFF0402FE
0201FDFEFDFFFD08
FCFD04010003FD03
FCFC0204FF010205
01FF05FDFD03FC05
FFFC020403FDFE08
010206020200FC05
03FF070101FDFD01
00FE0204FE03FF02
FBFD03FCFD0200FB
00FE04FE000501F9
02FF01FFFFFA02FB
01030C02010603F9
FCFD02010201FB00
0104F80300FC02FC
0300F501FEFD03FA
0102F8FFFCFD0203
FFFDFC04FE0000FC
03FDF40300FCFBF3
0302F8FCFEFF03FB
FC02FDFC030203FA
FCFEF6FAFD0003FF
00FEFAF7FCFDFCEB
0102FEF9FC0501F1
FFFEFBF9FF0101F7
00FF05FDFEFCFD05
000506FD0300FDFA
00FF0903FEFF01FF
FCFA00000203FE05
FE0007FCFEFEFC04
01FD05040001FFFB
FEFD080100FC02FE
010104FAFEFFFFFE
FD02FBFE02FB01FC
FDFBF6FF00FCFB00
FF05EF00FEFF010B
FFFFF7FB0304FD00
000005FCFDFD00FF
FCFFED0203FFFD07
04FCEC02FDFD0306
0101FAFDFD02FFFD
00FEFDFBFBFF0000
03FDFB0401FD0307
01FCFFFD03FE0001
010002F9FEFBFCFE
02FCFCFFFFFEFC03
FFFC01FDFCFAFDF8
FFFEF9F501FC00FF
00FDFCFBFFFBFEFE
FE04020201FFFEFA
FEFCFB09FDFB0107
03FEFC04FFF802FC
00FC0002FFFDFB08
FEFF0D00FD03FE04
FEFFFC0AFEF90202
FE02000401FDFF05
FEFFFEFFFFFFFD01
FFFEFD030001FFFD
00FD0404FD0302FC
FE0203FDFC0102FF
FC020EFDFB050000
0401F805FEF701FD
FF02E9FFFEFB01F9
FEFFFB00FEF600FD
FD04F5FE02FB0304
FF00F400FF00FE00
03FFF1080100FFFB
0303F502FFFEFEFA
FF01F3FB00FEFDFA
02FBFBFCFDF9FEFC
02FEECFDFEFAFCF3
0100F8FE03FDFCF9
FE02FBFA030400FB
0201F7FD00F901FB
0103FA0402FA00FC
00FE0000000302FE
FEFEF8FC03FE00FA
02FF04FC0004FD04
01FEFC01FF0302FD
00FAFDFE02FC0000
FE0305FEFF01FB03
03FB0503FDFE0204
FE000501FDFA0106
FD01030201FF0103
01FF0209FCF6FD08
FEFFFD080001FD03
FC000207FEFEFF06
01FE0205FD060002
FDFAFD000206FE07
02FC02030102FEF5
FBFE07FF0303FFFA
020409FFFE0201FE
02030001010304FD
02FEFEF9FFFE0305
03FBFB06FDFEFC0B
03FF00FE00FF02FD
FCFD02FF01050200
FDFB0C060401FF07
0200F809FD000204
FFFEFB07FCFAFD06
0001FFFF01FEFE00
FEFE040700FD0009
02FCF5FE00FD0201
FC02FB0601FCFCFC
FDFDFFFA0101FC0B
01FF0502FEFFFEFB
FB03FBFEFEFAFE00
FE030700FDFEFDF9
FFFC0001FE0302FC
0001FE00FDFFFF04
0002FA0300FFFC00
0200F7FBFFFAFCF7
01FEFD0202FCFE03
0301F80202FD0004
FE03FB04FC00FE01
FE02E902FCF9FFFF
FD010001FE010208
FFFCF2FA01FE03FD
FFFEEBFC02FFFCF7
FE04EAF6FF08FBFE
FF04FDFC00FE0100
FE0204FEFDFDFE02
02FC01FCFEF7FD02
02FB060503020002
03FC02FEFFFAFF00
FDFCFDFA03FDFE01
03FFF0FDFFFEFC03
FDFEF505FFF60306
0201F402FBFDFF0E
FC0104FEFDF802F4
02FEED05FFFCFC08
FFFBF70400F6FE03
0103F1FBFDFCFC02
0203FD02FEFCFF02
0002F2FF03F90001
0100F10402FDFD02
FF02F4FB0003FC0E
FEFE0100FCFAFCFD
01FCFBF9FF00FD03
FFFBF8FE03FDFCFE
FEFCFFF6FF00FDFF
FEFFFAFC01FDFC02
0000FB04FCFE0205
04FEF6FEFDF80101
02FFF9FC0300FF06
FDFEF500FEFBFEFF
FE04EF03FE00FD05
FCFDF203FEF8FE0A
02FFFDF5FF0401FD
03FAF802FEFC0203
0100F20402F800FE
00FBF6FC0503FF00
FEFDF905FEFC0205
01FC08FBFD0000FD
03FD0DFC0003FFFC
FC01FF00FE00FB03
FD0005FC0301FDFC
FD0108FE00010300
02FEFEF801FCFFFF
FEFE03FD0103FCFF
01000FFFFE00FBFC
FC0000FEFCFEFE01
00FEFCFD03FD0104
040105FC0103FBFA
FEFC07FC03010302
FDFF0204FB03FD03
FEFB0901FCFDFF00
00FB0201FCFA0200
FD02FF0101FD0104
FCFE000402020305
FFFC02FC03FCFD05
FE0305FFFE03FCFA
00FFFDFDFDFDFF02
FFFE06FD020100FA
00FC05FBFDFFFFFD
FDFEFEFC02FCFFFA
FE0403FDFFFD0302
000300FD02FFFFFC
02FEF70002FC0105
00FDF401FDFCFE0A
0002FFFD0003FCF9
00FFFFFEFE08FFFB
0001E701FCF6FC0D
FF03EFFDFDF8FE08
00010001FC040105
04FD080200FEFE02
FFFFFF0302FC010C
0200FFFB00FD0206
FF0203FC01FCFF09
03FE0202FEFDFE01
FFFD0300FDFEFFF8
020201010102FCFD
00FF02FB040000F8
FC0004FEFE03FCFB
FBFCFFFC01F8FBFD
FFFFFF04FFFF0103
000001FDFEFF00F6
000301060100FD07
FD0203FE000103FD
00FC0802FD04FFFD
FCFEFE0503F90005
FCFC0004FF030006
01FEFFFD01FE0301
FF00010202FC0003
00FF080500020004
030104FBFFFDFD05
00FFF004FCFE02FB
FFFFF7FCFFFE0001
01FCF7FCFDFB02FF
00020608FDFFFD05
FDFDEF08FBFCFB01
0204F106FBFEFBFE
0200F901FDFF0102
FDFE04FFFFF8FE00
0002E801FFF901FB
0302F102FD0003F8
01FFF6F9FDFE0003
FB040102FEFEFDFF
FEFCF602FD0200F7
03FEF305FEFFFCFF
0100F9F900F9FDFA
FF0107FEFEFE0201
00FDFFF9FE0004F8
FDFDF7FEFFFAFEFF
FCFC03000204FD03
01FDFF00FE00FE01
FEFCF805FFFFFCF5
0203EF0603FB01F8
00FD020501FE0108
01FDFE01FDFE02FF
FEFFFBFB05FBFFEC
FF05FF01040402EB
FFFFFF04FCFA0109
FDFC01FCFFFEFE02
FFFF06FF03FDFEFB
FF0103FEFF0401FD
000205FE0100FEF9
FEFC0402FEFFFF02
0000FD03FCFA02FA
FD01FB0000FFFC03
FC01FEFE01FB0006
00FC000301020200
02FDF50401FDFE02
02FFFD0700FC0302
FDFC06FF01FEFEFD
020309FBFDFE00FD
02FFFD00FF02FEFB
FD00FAFD00FF0101
FF01FFFFFF010002
00000101FFFA0100
03FB04FD020000FF
0303040300FE00FD
FCFFFFFE01000203
01020004FDFBFF00
01FEF9030402FEFD
01FEFAFDFDF9FCF9
FF01FF02FFFAFD02
03FFFD02020201F5
0005F2FE02FCFCF9
FEFFFA04FD0000FA
FD04FCFDFEFCFCFD
FFFEF9F4FE02FBFC
FFFFFCF802FD01EC
0100FCF8FE0400F3
FF01FDF7FEFEFEF7
FDFA04FD00FAFFFE
FE0308FEFF0204F7
FFFF0006FDFF0100
0001020103FCFD00
FDFCF30001F801F4
00FFF5FFFFFE00F8
03FCFFFDFFFFFFFE
FDFBF8010301FDFE
FCFCFFFEFF03FCF8
FC01F601FDFAFEFE
FDFBFAFDFE0301FD
FD0302F5FE0303FB
03FD00FCFC03FEFD
FB01F9FEFE0000FE
02FDF8FC00FFFD01
FE01FE00FD010006
02FBFC0000040103
FE02FD0100FF02FD
FC0201FFFD03FEFB
FCFDFD00FFFF010A
0303FE0103F7FFFC
00FDF205FFFAFDF7
0201F7FB01FD02FC
FE01FDFEFF00FD02
FCFDF803FDFB03FE
FFFEFD02FBFC0303
FE04F905FCFFFF00
FE03F4FC03FEFE09
FFFE01F9FCFC0102
0300F7FEFEFD03F4
FB03FBFB030004F1
00FDF4F9FFFAFC01
FFFEFA01FCFE03FC
FC030801FCFDFCFF
FEFD0500FCF8FFF9
FCFC04FEFFFD0103
02FCF40000FF0000
FD00F50702FEFDF6
03FFF40200FA00FD
FD03F5FEFFFD01FD
FEFFF30003FFFFFA
04FEF705FDFCFBFF
FDFDF4010201FEFF
0000F9FA03F90300
FFFDFAF6FF01FCFA
FE03F5F8020602F1
01FBF3F70005FFF6
0200FAF700FFFFF9
FF01FA01FEFA01FD
01FC00030000FB02
FFFC0101FFFE0000
FDFCFC02FE02FD03
02FB04FA01FC00FD
00FCFEFBFF0401FB
FFFAFEFFFC00FF02
FCFE01FAFEFF02F6
02FCFEF80104FBFD
FC03F90002FCFD01
0002FB01FCFDFD01
FCFEFDF8FD0500FB
00FB01FE03FE0003
FBFDF80102FDFC05
FFFBFBFC02FA0301
FFFD04FBFD04FEFE
00FE070001070301
FEFF07FCFDFEFB00
00FC0400FC05FCFF
FD0108010504FFFF
FFFBFD010201000B
FDFC00FEFE000200
00FEFA0000FCFF09
FEFFFEF9FCFF00FC
0001FE01FFFE02FD
FFFCF70600FC0007
0001FEFEFF010203
FB0205FDFD030106
02FC040402FD0107
01FAFC0700FE0108
00FEFFFFFDFA03FF
FDFF020701FFFB02
01FC05000301FE01
000205FB03FF00FC
01010CFF00030202
030108FC00FBFCFA
00FCFEFEFCFFFD04
FB01F200FBFC02FC
0302FD05FEF802FD
FD06FDFE03F8FF06
02FFFC03FE07FF03
03FEF103FE020306
FD01FB06FCFBFD00
0105F1FEFF01FC09
0203040301FEFF05
0202EEFEFDFC01FD
0200ED00FCF9FFFA
0000F7F9FD05FCFD
00FDFF00FEFE0003
04FDF9FFFDF8FEFC
0300F5FFFFFCFF02
FC0001F9FFFDFFF8
01FDFC0503FD0005
FB04F600FFFC0105
0402F404FCFDFF02
FFFC04FF02FDFF02
FFFDFA0901FF0005
0102F10600F5FF06
FA02F407FDFEFB04
FF0206FA02FCFDFF
FCFB00030402FF08
01F9F401FEFC0205
FFFCF8FCFE03FE08
FBFE08FF02FEFD06
01FF03FDFC01FDFF
02FA06FC030400FE
FC010CFAFD00FBFC
03FE1104FC04FEFB
01FFFFFF01000108
04FB06020202FE03
02FB02FE020303FE
FCFD03FB0201FD00
FEFD05030107FD02
00FFFC010405FD04
00FE0602FC0502FC
FEFB0CFA00010000
FD0301070302FE04
00FC09010207FFFD
FC010107FFFE0303
FFFC06FF02000304
00030301FF010501
02FF01010201FEF5
0303020102040201
000201FF03FA02FB
FBFCFAFFFEFFFE06
FE0303FD0002FF01
FF0104FBFEFEFC02
FEFE05FBFF03FEFC
FC0005FEFE0603FD
0001FEFFFCFEFD03
FCFC04FD010100FE
FD000501FE0403FC
FDFCFF010001FC0A
01FE0502FFFC0006
02FBFE04FCFBFF06
FCFFFE05FC01FFFD
01FFFEFFFF01FEFC
FDFF05040405FEFE
FF03FD050201FDFD
FF03FCFD00FFFD02
02FFFFFE02FA00F6
FD00FC03FEFEFDFC
00FAFEFA00FF01FA
FE01FF01FDFA00FF
0202FAFBFEFBFDED
FCFFEFFD00FE01FB
02FFFCFDFF01FCFB
FFFC04FAFEFCFCF7
01FBFDFE0204FEFF
FD01F6F4FE01FFF8
03FD01F6FE06FFF2
0201F9F6FFFD03FC
FFFDFFFE01FB04FA
0001FE0202FE02FD
02FE0501FDFD0101
FCFC02FC02FDFEFA
FCFFFFF804FCFCF6
FEFD04FF0200FFFB
FDFB0AFD03FE01FD
02FE03FBFFFFFFFA
FFFD0301FEFF0204
FDFB00060201000A
00FCFD06FD01FF08
03FC0404FF06FC05
01010B0501030105
FCFC0007FE09FC07
03F80504FFFB03FF
0200FF0A0006FE03
01FF0400FCFEFE01
FDFD010301000200
FF020606FC0101FD
FF01FE01FF01FEFC
FD0101FF0103FC08
01FD0504FD00FE01
010302010005FE03
FF0302FFFDFEFDFC
FF030203FE02FE06
FFFC0104FC010100
FFFF01FE0302FDF9
FCFDFDFF03FFFFFE
FF00FF060104020A
02000404000100F9
FEFF040202FF0001
0201FFF90204FFF9
00FD000003030102
FFFD020301FD00FF
0003FF0603FF0000
FD02FD0301FCFFFE
00FE04FDFCFE03FA
FFFE05FB040300F6
010205FEFDF900FD
02FFFFFD030001FD
FDFDFC0101FFFC0A
FC01FF010100000A
04FDFC03FDFEFD03
FC0401FDFD00FB03
0000040300030105
FB0007080401FF07
0400FD02FDFF0201
0100FD06FFFDFC05
0002FE01FE0301FF
FF02FD00FC0001FB
03FC000200000002
FCFF0200000902F9
01030A02FD050202
FCFCFFFFFF0502F7
01FE0201FD04FCFF
02FB090103050207
FDFC040703FEFD06
000007FBFD0701F7
01FB0402000203F9
03FD0503FFFD000B
FFFD03030404FE03
FD0104FF00FF02F7
FD000601FE00FF01
01FCFC0100FB0009
02FEFD0602FFFE03
FC0001F9FD0300FB
0404FE0301FDFE04
FCFF050201FCFE00
020103FF0303FE00
04FE0DFE0102FEFD
0400070000010003
00FE08010102FEFE
020106000002FD09
FCFB0804FC03FC03
00FF000301FFFD07
030209FFFCFFFF02
00FB030700070000
00020500FE060208
01020A04020101FC
02FF0607FCFDFD04
FDFF0604FF04FD03
00FD05FFFFFEFF01
FD0205020002FDFA
010102FFFF01FFFB
FFFE02FBFCFAFFFD
FD01FEFDFFFE02FB
02FF04FAFD0301FE
FEFF0AFE030301F8
03FB040800F90208
0301FF020101FC0A
01FF08060105020B
00030F02FE040002
02FE030803FFFF09
02FF08070100010A
04FD030800050009
02FF030001030007
03FFFD01030003FE
FDFF030402010107
02FD04FD02FE00FD
00FE0303FD01FEFE
00FE030102FFFDFB
03FE02FDFEFAFFF9
00FF01F902FCFEFB
FD01FEF802FBFCF6
010200FCFFFEFF02
00FFFF08FE03FCFF
0200FE0901020206
000108000103FE04
01000401FD010001
FD00050504020206
04FB0209FCFFFE09
FEFEFA0402FC02FE
FDFE04010002FFFD
02FF050002020201
FEFBFC0501FC0002
FE02020100070000
0002FFFD03FEFF01
02FC01FBFF0302FD
FEFCFE00FD010002
FFFFFEFF01060004
01FC0C03FF03FB00
03FD05FFFF03FE01
00010202030100FE
00020303FEF9FD06
FF02040302FA0109
02010303FC00FF06
FC010106FEFF0005
FCFB010B01030103
FCFEFF00FFFC01FF
01FE06FF0106FCFE
FCFF0202FCFBFFF5
02040502FF05FFFE
02FB01FD00020106
03FEFBFF0001FE02
03FFFD05FD0101FE
000209050303FE07
00FFFEFBFEFCFFFF
030004FF00FE0301
02FEFEFBFD0100FE
FCFEFD02FCFCFE04
00FCFDFD00FEFB01
FEFE0703FF03FFFC
01FF0901000101FD
01FEFF0202FFFD09
FEFD060101FCFDFD
01FF09FFFF0901F9
FE020801FD0301FB
FFFF01FEFDFFFFFD
FEFF020400FE0200
FC01FB01FFFA01F9
FDFFF9FEFCFA01F4
FE03030300FBFB03
FEFE0006FD0001FE
FD04F80402FEFFF2
FFFDFB00FE00FEFC
00FCFB01FEF8FD0A
FEFBFF01FDFEFE03
01FEFCFAFD00FDEF
FB0101F7FF06FCEF
000101F9FFFB00FF
FEFC06FE03FF03FB
FC01030300FE0100
02010904FFFFFCFA
FCFCFFFAFEFBFF02
FE0203FD030100F9
0001FF0102FDFF02
02FCF30602FD0302
01FDFBFD03FFFBFE
FCFF01FEFE0102F9
FE00F40501FC020A
FFFFF00002F8020D
00FAF8FF00FCFFF8
FEFC07000302FC05
03FCEC01FEF9FF04
FC03ED0002FBFEFF
03FCF5FFFDFF0102
03010A0201FE0301
FDFDFE03FBFDFD05
FCFB06010000FC05
FFFC000201FF0205
FC0101FF01FB02FF
FEFDFE01FDFBFE04
0301F8FF02F9FE03
00FBFDF900FD0003
FCFBFCFBFF00FCF5
FEFEFAFCFCFFFE05
FD02ECFBFBF7FD06
04FC04FDFEFC0100
FE03FDFDFD02FD03
00FBE90600FA0207
0002EE01FEF80200
00FCF80002FC0102
FB01FDFD0302FC03
FF01FE0702FCFC01
FFFEF904FDFCFF0B
01FA09FFFFFE0202
03FE05F8FE05FC04
FE0202FD00FDFEFF
FDFB03FDFE010101
FFFC020100FE0004
FF020D03FF010108
00FF010101030204
FF030102FEFDFC04
FEFC0502FDFF0104
0102FD0401FD0103
02FE0407FDFD0201
FEFB070BFF02FC02
03FF040101FE0002
FCFC02FF0303FEFA
FC000606FEFE0301
FE00FF030103FFF9
FFFD07000007FBF5
FDFF01FEFC02FFFC
03000600FCFD0204
FC0306FEFDFCFFFD
0202F5FAFFF801FD
FD03FDFCFD0004F9
0301F4000100FD02
0300F5FD03FD0006
0202F8FD01FCFDFA
03FDFB0204000200
FDFCEEFEFB000306
FF02F2FEFD020206
FC03FCFB03FFFB07
FDFB06FE01F80200
02FDFBFCFDFD020D
FF0104FEFCF9FD07
FEFF070000FFFBFE
FDFBFE0201FBFDFC
00FCFF03FEF902F3
FB00FBFF01F4FFFB
000403030201FEFB
FCFCFD0001F8FBFA
0001F601FCFE0100
FCFDF0FE02F9FEFE
FB04FBFD04FEFCF9
0201FFFB02FDFDFC
FD00F2FFFCFF01FF
FEFCF3F9FFFF0200
030100FDFF02FEFE
0200FBFEFEFBFDF8
00FF00FCFDFD0002
FF01010303F902FF
FCFEFFFF0301FC05
FF0006FC02FE01FB
02FE07FCFBF8FCF8
01FEF6FFFEFAFDFE
02FC03FCFD0100FA
FF0100FDFEFEFCF3
01FCF90600F90000
01FDF3FE01FCFF06
FC02FE0201FB02FA
FCFCFDFE02FC02FA
FC00F1FC0201FD04
FCFEF400FF01FE07
0303FC00FCFFFDFC
FDFBFEFC03FEFC03
FE010000010202FF
03FB00FFFBFB0005
FEFF0900FCFE00FF
03020401FF02FD04
00FD0202FE03FCFE
010104FD00FF03FF
FFFA01020000FF06
030102FFFFFF0305
00FD00FB01FBFDFA
FEFFFE00FEFEFC02
040002FF00FFFF0A
FEFEFFFD01FE0306
FC0205FEFFFC00F5
00FF00000303FDFD
0300030502030109
000303030100FC06
01FD01060200FFFD
FB0400030202FE00
FD0009FFFF02FE02
000206FDFD02FDFD
000100FF0101FDFA
02FCF904FCFB0001
0200020200080005
FFFCFDFEFDFFFCFE
FDFDFF020000FEF9
00FAFC04FCFBFE03
FE0109010002FB0A
0104F9F7FEFDFEFB
0202FEFFFF00FEF3
0101FCFFFF00FDFB
FF0300FE0203FD06
FFFDF8FCFEFE01FB
FFFFF803FD01FD01
04FE0405FFFE0001
FEFC04FD01020000
01FD05FB01F9FCFE
FDFCEE000100FCFB
FDFDF60503F4FB00
01FEF9FDFBFE0000
FFFE04FEFCFE0201
01FDE6050100FF08
00FEF50801FF0202
0005F2FFFCFC0404
02010003FF030204
02FCF2FF00F80103
FF01F104FBFB0209
0104FEFCFDFBFF00
FE010304FDFF0101
01FAEFFBFEFA010B
00FCF508FE000204
FFFF02FC00FC0101
0103FB020000FFFA
FDFF0101FEF8FF00
01FBF8FDFDFCFBFB
010203FDFC0400F9
FD0106FCFDFDFFF9
02FFFA000302FF00
FCFDF4FF00FBFC05
FDFDFEF6FE0101F5
02FDF9F8FBFEFEFD
030200FF02FA02FE
FE02F904FE010008
FFFB07030100FCFD
01FD0002FE06FE03
FCFCFEFCFC00FC00
FD01FDFDFCFFFEFE
010108010203FC03
FFFFFFCFFFFFFFEF
FFFFFFD300000037
00000063FFFFFFDA
FFFFFFD2FFFFFFE8
000000000000000F
000000000000000B
00000000000000FD
00000000000000FF
0000000000000005
000000000000000B
00000000000000F8
0000000000000005
00000000000000F2
00000000000000FE
00000000000000F0
0000000000000005
00000000000000EF
00000000000000FC
00000000000000F5
00000000000000F1
00000000000000F3
000000000000000B
00000000000000F7
000000000000000F
0000000000000006
000000000000000B
0000000000000004
00000000000000FE
0000000000000014
000000000000000A
00000000000000FE
00000000000000FC
0000000000000000
0000000000000013
000000000000000B
00000000000000F7
00000000000000F9
0000000000000005
0000000000000009
0000000000000000
00000000000000F1
00000000000000FA
0000000000000005
000000000000001F
00000000000000F6
0000000000000007
00000000000000F0
0000000000000000
00000000000000FB
0000000000000001
00000000000000FB
00000000000000F5
0000000000000001
00000000000000F1
00000000000000F1
0000000000000003
00000000000000DE
00000000000000FB
00000000000000F5
0000000000000008
0000000000000008
00000000000000FF
00000000000000F4
00000000000000FA
000000000000000E
00000000000000E5
0000000000000000
0000000000000009
00000000FFFFFFBA
